date,code,name,close,sma5,sma20,sma60,rsi,volume,volume_ratio,day_change_pct,prev_day_change_pct,high_price,low_price,atr_pct
2026-03-16,6740,ジャパンディスプレイ,121.0,95.8,44.1,29.0,,236881100,0.98,,,,,
2026-03-16,4564,オンコセラピー・サイエンス,23.0,22.6,21.2,21.1,,81508600,1.54,,,,,
2026-03-16,4597,ソレイジア・ファーマ,32.0,32.6,32.1,30.4,,38425900,1.27,,,,,
2026-03-16,5016,ＪＸ金属,4005.0,4038.8,3861.0,2838.4,,29823700,0.56,,,,,
2026-03-16,3113,ＵＮＩＶＡ・Ｏａｋホールディングス,88.0,74.0,72.0,70.9,,20427100,80.34,,,,,
2026-03-16,7777,スリー・ディー・マトリックス,521.0,665.2,631.0,484.0,,18633400,1.52,,,,,
2026-03-16,3656,ＫＬａｂ,391.0,408.2,352.9,348.6,,17602800,1.74,,,,,
2026-03-16,3070,ジェリービーンズグループ,84.0,107.2,103.8,93.2,,16749400,3.54,,,,,
2026-03-16,6613,ＱＤレーザ,1440.0,1101.0,854.8,565.2,,15285300,1.3,,,,,
2026-03-16,5803,フジクラ,25630.0,25513.0,25002.5,20806.2,,13783400,1.01,,,,,
2026-03-16,1605,ＩＮＰＥＸ,4370.0,4262.8,3925.2,3500.7,,10523800,0.67,,,,,
2026-03-16,1699,ＮＥＸＴ　ＦＵＮＤＳ　ＮＯＭＵＲＡ　原油インデックス連動型上場投信,615.7,573.0,487.7,427.7,,9862860,2.25,,,,,
2026-03-16,8058,三菱商事,5175.0,5180.6,5101.5,4381.8,,9665300,0.74,,,,,
2026-03-16,4063,信越化学工業,6505.0,6337.0,6030.1,5473.9,,9079200,0.82,,,,,
2026-03-16,5801,古河電気工業,29405.0,29246.0,26820.5,17049.7,,9034900,1.09,,,,,
2026-03-16,9130,共栄タンカー,2348.0,2072.0,1543.0,1254.5,,7700100,3.68,,,,,
2026-03-16,7532,パン・パシフィック・インターナショナルホールディングス,1003.5,1018.1,1012.2,962.8,,7203800,0.62,,,,,
2026-03-16,6752,パナソニック　ホールディングス,2570.5,2586.4,2501.9,2283.7,,7090800,0.75,,,,,
2026-03-16,8031,三井物産,5974.0,5890.8,5749.3,5211.5,,6490500,0.69,,,,,
2026-03-16,4881,ファンペップ,115.0,106.2,98.5,89.6,,6443400,1.27,,,,,
2026-03-16,6356,日本ギア工業,1806.0,1878.0,1437.3,1076.5,,5794000,0.63,,,,,
2026-03-16,5802,住友電気工業,10150.0,10310.2,9930.1,7892.3,,5610400,0.58,,,,,
2026-03-16,9107,川崎汽船,2645.5,2654.0,2519.8,2324.8,,5370000,0.54,,,,,
2026-03-16,1514,住石ホールディングス,1051.0,1009.0,977.5,751.9,,5129400,1.59,,,,,
2026-03-16,5985,サンコール,2071.0,2127.6,1497.5,1149.9,,4921700,0.74,,,,,
2026-03-16,6920,レーザーテック,37800.0,36534.0,33362.5,32771.8,,4629800,0.85,,,,,
2026-03-16,6965,浜松ホトニクス,2064.0,2060.7,1973.0,1799.6,,4355000,0.44,,,,,
2026-03-16,1662,石油資源開発,2562.0,2488.4,2395.4,1996.0,,4130600,0.74,,,,,
2026-03-16,4594,ブライトパス・バイオ,72.0,72.2,67.3,61.3,,3997300,0.25,,,,,
2026-03-16,4893,ノイルイミューン・バイオテック,205.0,173.8,161.2,150.0,,3973900,3.28,,,,,
2026-03-16,6140,旭ダイヤモンド工業,1401.0,1384.2,1373.5,1049.2,,3828600,0.48,,,,,
2026-03-16,4996,クミアイ化学工業,808.0,754.4,725.5,707.7,,3650200,3.78,,,,,
2026-03-16,6963,ローム,3300.0,3309.8,2929.4,2596.1,,3595300,0.44,,,,,
2026-03-16,5074,テスホールディングス,671.0,663.2,591.7,443.1,,3512600,0.96,,,,,
2026-03-16,5019,出光興産,1441.5,1443.0,1426.7,1317.4,,3395600,0.68,,,,,
2026-03-16,9101,日本郵船,5624.0,5663.0,5418.4,5195.2,,3065000,0.53,,,,,
2026-03-16,9519,レノバ,820.0,760.8,727.9,700.5,,3015200,2.91,,,,,
2026-03-16,9104,商船三井,6039.0,6115.8,5768.3,5118.6,,2957500,0.46,,,,,
2026-03-16,7453,良品計画,3646.0,3686.0,3588.6,3231.8,,2878200,0.64,,,,,
2026-03-16,1671,ＷＴＩ原油価格連動型上場投信,5197.0,4802.6,3933.8,3372.3,,2839796,1.15,,,,,
2026-03-16,3840,パス,83.0,83.2,62.1,59.8,,2829000,0.42,,,,,
2026-03-16,2776,新都ホールディングス,140.0,140.0,136.4,129.6,,2736300,2.3,,,,,
2026-03-16,9412,スカパーＪＳＡＴホールディングス,2955.0,2932.4,2854.1,2440.7,,2599700,1.58,,,,,
2026-03-16,9513,電源開発,3874.0,3888.6,3727.0,3419.9,,2120000,1.39,,,,,
2026-03-16,4591,リボミック,99.0,100.6,90.5,84.9,,2058600,0.21,,,,,
2026-03-16,9115,明海グループ,923.0,825.6,786.8,717.2,,1960900,1.99,,,,,
2026-03-16,7719,東京衡機,793.0,781.8,619.4,411.0,,1888400,0.89,,,,,
2026-03-16,4091,日本酸素ホールディングス,6233.0,5793.0,5762.3,5174.1,,1810500,2.28,,,,,
2026-03-16,2038,ＮＥＸＴ　ＮＯＴＥＳ　ドバイ原油先物　ダブル・ブル　ＥＴＮ,2864.0,2495.4,2031.2,1659.2,,1751859,1.12,,,,,
2026-03-16,5381,マイポックス,1109.0,914.8,886.8,649.8,,1705300,2.88,,,,,
2026-03-16,1407,ウエストホールディングス,1927.0,1766.4,1704.7,1604.2,,1586700,3.08,,,,,
2026-03-16,6521,オキサイド,5040.0,4816.0,3589.9,2437.1,,1586600,0.99,,,,,
2026-03-16,6232,ＡＣＳＬ,1703.0,1682.4,1422.1,1172.0,,1586300,0.84,,,,,
2026-03-16,4593,ヘリオス,403.0,419.0,404.4,355.9,,1548800,0.36,,,,,
2026-03-16,2269,明治ホールディングス,4000.0,3917.4,3904.4,3698.9,,1500700,1.06,,,,,
2026-03-16,6619,ダブル・スコープ,182.0,182.0,173.1,165.6,,1450100,0.76,,,,,
2026-03-16,5844,京都フィナンシャルグループ,4374.0,4254.4,3890.2,3710.5,,1369000,0.55,,,,,
2026-03-16,2160,ジーエヌアイグループ,3245.0,3438.0,3109.6,2704.1,,1300100,0.65,,,,,
2026-03-16,6754,アンリツ,2888.5,2879.1,2833.0,2480.9,,1296400,0.82,,,,,
2026-03-16,4882,ペルセウスプロテオミクス,253.0,271.6,242.7,240.6,,1249900,0.3,,,,,
2026-03-16,4438,Ｗｅｌｂｙ,383.0,370.2,341.8,306.4,,1240500,1.58,,,,,
2026-03-16,4588,オンコリスバイオファーマ,2741.0,2964.6,2708.8,1928.5,,1239000,0.57,,,,,
2026-03-16,4061,デンカ,3262.0,3358.6,3357.2,3069.8,,1200400,0.9,,,,,
2026-03-16,4578,大塚ホールディングス,10945.0,10808.0,10471.5,9648.3,,1199400,0.8,,,,,
2026-03-16,5631,日本製鋼所,9877.0,9829.4,9656.5,8987.6,,1191500,0.95,,,,,
2026-03-16,6460,セガサミーホールディングス,2638.0,2704.3,2604.8,2491.9,,1145600,0.78,,,,,
2026-03-16,7220,武蔵精密工業,2826.0,2854.8,2730.8,2694.2,,1134600,0.86,,,,,
2026-03-16,2321,ソフトフロントホールディングス,401.0,401.2,278.9,227.1,,1083900,0.19,,,,,
2026-03-16,9517,イーレックス,867.0,820.6,747.8,667.8,,1074400,1.79,,,,,
2026-03-16,7183,あんしん保証,208.0,191.6,179.6,164.6,,1057600,14.34,,,,,
2026-03-16,9980,ＭＲＫホールディングス,118.0,122.4,117.4,102.5,,1054200,0.15,,,,,
2026-03-16,4978,リプロセル,171.0,177.6,176.2,162.6,,1052400,0.7,,,,,
2026-03-16,1878,大東建託,3610.0,3660.6,3573.2,3259.9,,1039800,0.59,,,,,
2026-03-16,6666,リバーエレテック,916.0,843.2,646.5,516.9,,1010400,1.07,,,,,
2026-03-16,7771,日本精密,433.0,439.8,432.3,328.0,,913900,0.61,,,,,
2026-03-16,2337,いちご,484.0,488.8,453.8,437.6,,885000,0.41,,,,,
2026-03-16,4888,ステラファーマ,414.0,458.0,438.8,321.7,,862200,0.69,,,,,
2026-03-16,9735,セコム,6012.0,5991.2,5967.9,5826.1,,797300,0.64,,,,,
2026-03-16,3863,日本製紙,1267.0,1275.0,1267.0,1199.2,,792400,0.91,,,,,
2026-03-16,4237,フジプレアム,451.0,420.4,413.0,375.2,,785300,1.77,,,,,
2026-03-16,6779,日本電波工業,1341.0,1325.4,1271.7,1100.9,,773300,0.57,,,,,
2026-03-16,6197,ソラスト,989.0,993.0,961.7,909.1,,747300,0.44,,,,,
2026-03-16,5334,日本特殊陶業,7542.0,7721.8,7670.9,7130.8,,740500,0.87,,,,,
2026-03-16,5727,東邦チタニウム,2790.0,2812.0,2463.2,1891.8,,698500,0.25,,,,,
2026-03-16,7692,アースインフィニティ,99.0,103.0,102.8,102.7,,679100,0.59,,,,,
2026-03-16,8628,松井証券,938.0,947.4,944.7,902.3,,679000,0.53,,,,,
2026-03-16,6085,アーキテクツ・スタジオ・ジャパン,4700.0,3548.6,2275.4,1052.1,,676200,1.17,,,,,
2026-03-16,4584,キッズウェル・バイオ,266.0,274.2,267.1,246.0,,656000,0.54,,,,,
2026-03-16,5451,ヨドコウ,1519.0,1547.4,1501.1,1429.9,,645300,0.72,,,,,
2026-03-16,4385,メルカリ,3460.0,3489.2,3486.4,3289.3,,644000,0.37,,,,,
2026-03-16,4565,ネクセラファーマ,908.0,935.0,916.0,860.7,,643000,0.7,,,,,
2026-03-16,6387,サムコ,7880.0,6542.0,6235.0,5222.4,,633400,5.77,,,,,
2026-03-16,8876,リログループ,1922.5,1928.1,1891.3,1803.8,,632700,0.92,,,,,
2026-03-16,9861,吉野家ホールディングス,3172.0,3133.0,3119.0,3080.5,,618400,1.29,,,,,
2026-03-16,6787,メイコー,25800.0,24046.0,22505.5,15292.2,,608500,0.84,,,,,
2026-03-16,3358,Ｔｒａｉｌｈｅａｄ　Ｇｌｏｂａｌ　Ｈｏｌｄｉｎｇｓ,114.0,114.0,109.8,100.0,,567200,0.09,,,,,
2026-03-16,7071,アンビスホールディングス,474.0,497.4,496.1,480.6,,560800,0.84,,,,,
2026-03-16,6378,木村化工機,1487.0,1465.2,1425.2,1321.8,,559000,0.47,,,,,
2026-03-16,8508,Ｊトラスト,551.0,565.8,539.5,499.4,,529000,0.48,,,,,
2026-03-16,1844,大盛工業,639.0,631.8,582.6,569.6,,522400,0.69,,,,,
2026-03-16,8622,水戸証券,723.0,738.6,671.2,610.9,,515000,0.57,,,,,
2026-03-16,3673,ブロードリーフ,913.0,888.8,754.6,719.5,,507900,0.51,,,,,
2026-03-16,6227,ＡＩメカテック,22040.0,22574.0,20319.5,11496.6,,503000,0.38,,,,,
2026-03-17,6740,ジャパンディスプレイ,133.0,106.0,49.6,30.9,,372489700,1.5,,,,,
2026-03-17,4564,オンコセラピー・サイエンス,23.0,22.8,21.3,21.1,,81310400,1.45,,,,,
2026-03-17,4597,ソレイジア・ファーマ,32.0,32.4,32.2,30.4,,41691300,1.34,,,,,
2026-03-17,6613,ＱＤレーザ,1450.0,1216.0,891.5,584.0,,32272500,2.52,,,,,
2026-03-17,5016,ＪＸ金属,3846.0,4024.0,3888.8,2873.3,,29472500,0.56,,,,,
2026-03-17,4888,ステラファーマ,480.0,460.6,444.1,325.6,,15105900,13.66,,,,,
2026-03-17,9107,川崎汽船,2813.0,2694.0,2545.2,2335.9,,14633900,1.71,,,,,
2026-03-17,1605,ＩＮＰＥＸ,4507.0,4346.0,3973.4,3522.1,,13330200,0.9,,,,,
2026-03-17,5074,テスホールディングス,673.0,669.8,601.7,448.9,,12090800,3.16,,,,,
2026-03-17,5802,住友電気工業,9525.0,10229.0,9973.7,7940.6,,11007100,1.17,,,,,
2026-03-17,3315,日本コークス工業,125.0,123.0,122.9,115.2,,10972900,1.13,,,,,
2026-03-17,5803,フジクラ,24605.0,25621.0,25160.5,20921.5,,9417800,0.69,,,,,
2026-03-17,8031,三井物産,6205.0,5953.4,5779.5,5238.3,,8653600,0.97,,,,,
2026-03-17,8058,三菱商事,5297.0,5204.6,5119.9,4407.1,,8516300,0.67,,,,,
2026-03-17,6752,パナソニック　ホールディングス,2602.5,2607.6,2512.8,2291.2,,8265700,0.88,,,,,
2026-03-17,4063,信越化学工業,6433.0,6404.0,6070.8,5498.1,,8067900,0.73,,,,,
2026-03-17,3656,ＫＬａｂ,374.0,402.0,354.9,348.7,,7697500,0.67,,,,,
2026-03-17,5801,古河電気工業,27440.0,29243.0,27134.0,17349.8,,6942700,0.83,,,,,
2026-03-17,6619,ダブル・スコープ,198.0,185.8,174.4,166.1,,6834600,3.67,,,,,
2026-03-17,9101,日本郵船,5943.0,5733.2,5463.3,5211.2,,6797800,1.35,,,,,
2026-03-17,1699,ＮＥＸＴ　ＦＵＮＤＳ　ＮＯＭＵＲＡ　原油インデックス連動型上場投信,609.5,586.9,497.7,431.5,,6377650,1.28,,,,,
2026-03-17,9104,商船三井,6276.0,6170.8,5824.3,5146.9,,5739800,1.08,,,,,
2026-03-17,4881,ファンペップ,122.0,108.2,99.9,90.2,,5624300,0.99,,,,,
2026-03-17,3647,アスリナ,150.0,145.2,141.5,130.3,,5615600,3.11,,,,,
2026-03-17,9130,共栄タンカー,2378.0,2224.6,1603.3,1276.5,,5011200,1.77,,,,,
2026-03-17,4588,オンコリスバイオファーマ,2241.0,2753.8,2701.3,1950.1,,4803300,2.25,,,,,
2026-03-17,6963,ローム,3340.0,3318.8,2973.8,2617.1,,4803000,0.59,,,,,
2026-03-17,6965,浜松ホトニクス,1991.0,2044.7,1986.5,1804.2,,4776800,0.48,,,,,
2026-03-17,6356,日本ギア工業,1628.0,1786.6,1473.3,1089.2,,4627900,0.49,,,,,
2026-03-17,1662,石油資源開発,2654.0,2545.2,2416.9,2016.3,,4472800,0.91,,,,,
2026-03-17,3113,ＵＮＩＶＡ・Ｏａｋホールディングス,83.0,76.6,72.5,71.3,,4453000,1.96,,,,,
2026-03-17,6920,レーザーテック,35850.0,36750.0,33619.5,32864.3,,4370200,0.81,,,,,
2026-03-17,4594,ブライトパス・バイオ,69.0,72.0,67.5,61.6,,4319000,0.27,,,,,
2026-03-17,4893,ノイルイミューン・バイオテック,185.0,180.8,162.8,150.6,,3990900,2.57,,,,,
2026-03-17,4502,武田薬品工業,5820.0,5729.8,5728.6,5300.9,,3854600,0.84,,,,,
2026-03-17,2321,ソフトフロントホールディングス,321.0,384.2,285.8,229.2,,3601300,0.65,,,,,
2026-03-17,5019,出光興産,1478.0,1452.3,1432.3,1322.2,,3236900,0.7,,,,,
2026-03-17,1514,住石ホールディングス,1036.0,1026.2,976.0,760.4,,2647900,0.8,,,,,
2026-03-17,5985,サンコール,1941.0,2122.0,1534.6,1166.0,,2477500,0.35,,,,,
2026-03-17,4075,ブレインズテクノロジー,1818.0,1601.0,1069.9,907.9,,2397200,4.61,,,,,
2026-03-17,2776,新都ホールディングス,134.0,138.0,136.5,129.8,,2177300,1.57,,,,,
2026-03-17,7746,岡本硝子,1085.0,1060.4,1042.4,895.2,,2165000,1.2,,,,,
2026-03-17,7453,良品計画,3667.0,3704.2,3597.0,3242.4,,1996900,0.45,,,,,
2026-03-17,9412,スカパーＪＳＡＴホールディングス,2812.0,2932.2,2850.8,2451.9,,1963200,1.11,,,,,
2026-03-17,1671,ＷＴＩ原油価格連動型上場投信,5139.0,4918.2,4030.4,3408.9,,1942954,0.76,,,,,
2026-03-17,3840,パス,80.0,84.0,63.4,60.1,,1747300,0.25,,,,,
2026-03-17,6232,ＡＣＳＬ,1645.0,1691.4,1445.8,1183.8,,1746400,1.05,,,,,
2026-03-17,6754,アンリツ,2812.5,2878.4,2848.3,2489.9,,1687200,1.09,,,,,
2026-03-17,5381,マイポックス,1088.0,972.8,891.8,660.9,,1654500,2.33,,,,,
2026-03-17,4591,リボミック,96.0,99.8,91.2,85.2,,1652000,0.17,,,,,
2026-03-17,9519,レノバ,812.0,779.8,732.5,703.3,,1633900,1.29,,,,,
2026-03-17,4974,タカラバイオ,1147.0,1146.2,1144.4,920.9,,1516200,1.75,,,,,
2026-03-17,1407,ウエストホールディングス,1845.0,1809.2,1711.7,1611.8,,1429800,2.27,,,,,
2026-03-17,7832,バンダイナムコホールディングス,4235.0,4253.2,4142.6,4137.6,,1411000,0.59,,,,,
2026-03-17,6955,ＦＤＫ,529.0,469.0,457.4,407.4,,1390100,10.13,,,,,
2026-03-17,2269,明治ホールディングス,4054.0,3952.4,3914.2,3710.7,,1370900,0.97,,,,,
2026-03-17,2656,ベクターホールディングス,194.0,152.0,147.3,136.9,,1355700,11.04,,,,,
2026-03-17,6521,オキサイド,4850.0,4802.0,3677.9,2493.5,,1352300,0.78,,,,,
2026-03-17,4882,ペルセウスプロテオミクス,234.0,259.8,242.9,239.7,,1284200,0.3,,,,,
2026-03-17,4593,ヘリオス,397.0,412.0,405.1,357.3,,1242700,0.34,,,,,
2026-03-17,9115,明海グループ,967.0,862.2,798.0,723.2,,1198000,1.03,,,,,
2026-03-17,6845,アズビル,1438.0,1416.2,1395.2,1390.9,,1181800,0.85,,,,,
2026-03-17,7719,東京衡機,693.0,748.2,638.1,417.8,,1141500,0.56,,,,,
2026-03-17,5603,虹技,1639.0,1406.6,1380.2,1343.3,,1119200,131.98,,,,,
2026-03-17,2160,ジーエヌアイグループ,3115.0,3344.0,3136.3,2714.7,,1070300,0.55,,,,,
2026-03-17,4578,大塚ホールディングス,11050.0,10980.0,10488.5,9677.6,,1065400,0.72,,,,,
2026-03-17,5844,京都フィナンシャルグループ,4309.0,4310.8,3916.6,3723.7,,1059200,0.44,,,,,
2026-03-17,4996,クミアイ化学工業,796.0,769.0,729.5,709.6,,1049400,0.83,,,,,
2026-03-17,9513,電源開発,3928.0,3909.8,3742.8,3433.3,,1042300,0.64,,,,,
2026-03-17,1878,大東建託,3629.0,3642.2,3583.0,3270.8,,1042100,0.6,,,,,
2026-03-17,6460,セガサミーホールディングス,2600.0,2669.3,2604.0,2493.2,,1034000,0.7,,,,,
2026-03-17,2038,ＮＥＸＴ　ＮＯＴＥＳ　ドバイ原油先物　ダブル・ブル　ＥＴＮ,2826.0,2621.6,2094.4,1683.1,,1022320,0.7,,,,,
2026-03-17,7771,日本精密,412.0,425.6,421.6,333.4,,960500,0.66,,,,,
2026-03-17,5727,東邦チタニウム,2687.0,2804.4,2505.6,1915.2,,951000,0.44,,,,,
2026-03-17,4091,日本酸素ホールディングス,6205.0,5905.0,5803.1,5198.0,,916500,1.02,,,,,
2026-03-17,9517,イーレックス,860.0,837.6,757.6,672.0,,843700,1.29,,,,,
2026-03-17,6779,日本電波工業,1332.0,1333.6,1281.8,1107.6,,834000,0.65,,,,,
2026-03-17,4422,ＶＡＬＵＥＮＥＸ,435.0,397.8,349.0,330.5,,828500,12.98,,,,,
2026-03-17,9735,セコム,6069.0,5998.6,5976.6,5834.1,,798800,0.65,,,,,
2026-03-17,5631,日本製鋼所,9649.0,9810.2,9671.1,9011.2,,777700,0.61,,,,,
2026-03-17,2337,いちご,495.0,490.4,456.7,438.8,,715800,0.33,,,,,
2026-03-17,9980,ＭＲＫホールディングス,113.0,119.2,118.4,102.8,,709300,0.18,,,,,
2026-03-17,3673,ブロードリーフ,940.0,902.0,771.0,723.0,,658800,0.67,,,,,
2026-03-17,6227,ＡＩメカテック,19540.0,22082.0,20592.0,11746.5,,657500,0.54,,,,,
2026-03-17,7220,武蔵精密工業,2838.0,2874.4,2758.4,2693.2,,650000,0.5,,,,,
2026-03-17,6378,木村化工機,1430.0,1461.2,1430.5,1324.5,,646000,0.57,,,,,
2026-03-17,6197,ソラスト,978.0,990.4,965.8,911.0,,634600,0.45,,,,,
2026-03-17,2928,"RIZAP GROUP, Inc.",232.0,232.4,228.5,211.4,,626900,1.9,,,,,
2026-03-17,6666,リバーエレテック,807.0,859.8,661.5,522.2,,624900,0.62,,,,,
2026-03-17,6327,北川精機,1593.0,1666.6,1657.1,1198.6,,574600,0.91,,,,,
2026-03-17,9279,ギフトホールディングス,4580.0,4065.0,4050.8,3778.6,,568700,6.75,,,,,
2026-03-17,4584,キッズウェル・バイオ,257.0,268.6,267.1,246.8,,540300,0.46,,,,,
2026-03-17,7183,あんしん保証,211.0,196.6,181.6,165.7,,539600,3.1,,,,,
2026-03-17,7836,アビックス,88.0,90.8,88.4,88.3,,516900,0.19,,,,,
2026-03-17,3083,スターシーズ,995.0,905.8,806.7,783.1,,510600,2.27,,,,,
2026-03-17,8876,リログループ,1955.0,1932.0,1898.4,1807.7,,506500,0.73,,,,,
2026-03-17,3776,ブロードバンドタワー,229.0,232.4,229.8,204.4,,506200,0.43,,,,,
2026-03-17,5334,日本特殊陶業,7555.0,7691.6,7690.2,7143.2,,502900,0.6,,,,,
2026-03-18,6740,ジャパンディスプレイ,116.0,108.0,54.3,32.5,,250079200,0.92,,,,,
2026-03-18,4564,オンコセラピー・サイエンス,23.0,22.8,21.4,21.1,,86827900,1.46,,,,,
2026-03-18,6731,ピクセラ,46.0,46.2,42.9,42.8,,28293700,4.23,,,,,
2026-03-18,6613,ＱＤレーザ,1721.0,1370.2,943.2,607.4,,24986800,1.75,,,,,
2026-03-18,5016,ＪＸ金属,3980.0,3982.8,3926.0,2911.1,,22792500,0.49,,,,,
2026-03-18,7011,三菱重工業,5000.0,4839.8,4833.2,4580.3,,21953400,0.84,,,,,
2026-03-18,9104,商船三井,7014.0,6323.8,5917.4,5188.9,,20924500,4.11,,,,,
2026-03-18,4881,ファンペップ,106.0,109.0,100.5,90.7,,17438700,2.84,,,,,
2026-03-18,8058,三菱商事,5712.0,5303.0,5161.0,4442.0,,16209400,1.38,,,,,
2026-03-18,6356,日本ギア工業,1883.0,1787.6,1521.7,1106.8,,15359500,1.6,,,,,
2026-03-18,9107,川崎汽船,2875.0,2729.3,2574.4,2348.3,,14141200,1.58,,,,,
2026-03-18,8031,三井物産,6659.0,6091.6,5840.9,5274.5,,13064300,1.49,,,,,
2026-03-18,1605,ＩＮＰＥＸ,4675.0,4446.8,4028.8,3548.0,,11280100,0.77,,,,,
2026-03-18,2656,ベクターホールディングス,170.0,157.8,148.5,137.8,,9094600,37.29,,,,,
2026-03-18,4594,ブライトパス・バイオ,76.0,72.0,68.0,62.1,,8932800,0.56,,,,,
2026-03-18,4063,信越化学工業,6720.0,6518.0,6135.7,5530.5,,8883400,0.82,,,,,
2026-03-18,6752,パナソニック　ホールディングス,2652.0,2609.5,2527.8,2301.1,,8246900,0.89,,,,,
2026-03-18,9101,日本郵船,6182.0,5825.6,5519.9,5232.9,,7812600,1.53,,,,,
2026-03-18,3656,ＫＬａｂ,389.0,393.0,357.9,349.4,,7499100,0.65,,,,,
2026-03-18,5803,フジクラ,25705.0,25632.0,25374.8,21074.9,,7179300,0.55,,,,,
2026-03-18,5802,住友電気工業,10005.0,10087.0,10041.4,8003.3,,6650500,0.71,,,,,
2026-03-18,3315,日本コークス工業,126.0,124.4,122.8,115.7,,6631300,0.67,,,,,
2026-03-18,1662,石油資源開発,2715.0,2599.6,2442.9,2038.5,,6067000,1.29,,,,,
2026-03-18,4888,ステラファーマ,560.0,473.8,453.1,330.9,,5861100,2.35,,,,,
2026-03-18,5801,古河電気工業,28720.0,29037.0,27513.8,17677.6,,5600800,0.69,,,,,
2026-03-18,5074,テスホールディングス,680.0,671.8,608.5,455.0,,5478500,1.14,,,,,
2026-03-18,4893,ノイルイミューン・バイオテック,181.0,184.4,163.8,151.2,,4597300,2.42,,,,,
2026-03-18,6965,浜松ホトニクス,2007.5,2026.4,1998.4,1809.7,,4245000,0.54,,,,,
2026-03-18,6838,多摩川ホールディングス,1669.0,1229.6,1035.4,837.6,,3999400,17.28,,,,,
2026-03-18,4502,武田薬品工業,5870.0,5753.0,5744.2,5323.4,,3873700,0.86,,,,,
2026-03-18,6920,レーザーテック,36020.0,36714.0,33889.5,32973.9,,3849200,0.72,,,,,
2026-03-18,6963,ローム,3293.0,3312.8,3013.9,2637.9,,3732800,0.46,,,,,
2026-03-18,1699,ＮＥＸＴ　ＦＵＮＤＳ　ＮＯＭＵＲＡ　原油インデックス連動型上場投信,585.4,598.0,506.2,435.1,,3726970,0.69,,,,,
2026-03-18,7831,ウイルコホールディングス,93.0,92.6,92.4,89.7,,3705100,68.05,,,,,
2026-03-18,5019,出光興産,1536.5,1471.7,1440.4,1328.2,,3582400,0.83,,,,,
2026-03-18,7453,良品計画,3649.0,3680.6,3602.9,3253.8,,3161800,0.76,,,,,
2026-03-18,3840,パス,74.0,83.2,64.4,60.4,,3072700,0.43,,,,,
2026-03-18,6619,ダブル・スコープ,200.0,188.8,175.8,166.9,,2987300,1.26,,,,,
2026-03-18,2321,ソフトフロントホールディングス,340.0,371.0,294.0,231.8,,2844200,0.57,,,,,
2026-03-18,7719,東京衡機,704.0,726.8,657.5,425.2,,2610100,1.39,,,,,
2026-03-18,8088,岩谷産業,2094.5,1948.5,1900.7,1824.2,,2469700,1.47,,,,,
2026-03-18,4593,ヘリオス,419.0,408.4,407.6,358.8,,2386100,0.75,,,,,
2026-03-18,7771,日本精密,460.0,429.6,418.4,339.7,,2225500,1.52,,,,,
2026-03-18,4075,ブレインズテクノロジー,1861.0,1687.4,1121.5,925.2,,2221000,2.93,,,,,
2026-03-18,1671,ＷＴＩ原油価格連動型上場投信,4874.0,5019.4,4113.1,3442.2,,2198836,0.86,,,,,
2026-03-18,1514,住石ホールディングス,1010.0,1044.6,958.2,768.6,,2108800,0.65,,,,,
2026-03-18,5985,サンコール,2086.0,2099.2,1576.0,1185.2,,2047400,0.29,,,,,
2026-03-18,7832,バンダイナムコホールディングス,4230.0,4248.0,4151.1,4138.1,,2046600,0.89,,,,,
2026-03-18,9130,共栄タンカー,2381.0,2361.0,1664.5,1298.6,,1740000,0.57,,,,,
2026-03-18,2038,ＮＥＸＴ　ＮＯＴＥＳ　ドバイ原油先物　ダブル・ブル　ＥＴＮ,2601.0,2706.4,2146.8,1703.9,,1729800,1.27,,,,,
2026-03-18,1878,大東建託,3657.0,3626.6,3594.3,3281.6,,1682700,1.0,,,,,
2026-03-18,3647,アスリナ,162.0,149.6,141.7,131.1,,1497200,0.66,,,,,
2026-03-18,9412,スカパーＪＳＡＴホールディングス,2880.0,2933.2,2857.9,2465.3,,1471800,0.82,,,,,
2026-03-18,2160,ジーエヌアイグループ,3125.0,3232.0,3161.9,2727.1,,1464900,0.81,,,,,
2026-03-18,4882,ペルセウスプロテオミクス,229.0,250.2,242.8,238.9,,1408800,0.32,,,,,
2026-03-18,7746,岡本硝子,1123.0,1083.2,1038.3,909.0,,1399000,0.74,,,,,
2026-03-18,9513,電源開発,4101.0,3951.0,3766.5,3450.2,,1391100,0.88,,,,,
2026-03-18,3113,ＵＮＩＶＡ・Ｏａｋホールディングス,81.0,78.8,73.0,71.6,,1366700,0.51,,,,,
2026-03-18,6955,ＦＤＫ,522.0,480.8,462.8,410.2,,1334200,5.4,,,,,
2026-03-18,9115,明海グループ,1113.0,923.4,816.8,731.6,,1329300,1.42,,,,,
2026-03-18,3441,山王,2641.0,1793.4,1484.4,1266.9,,1322500,20.75,,,,,
2026-03-18,6845,アズビル,1462.5,1424.7,1402.8,1391.8,,1254600,0.93,,,,,
2026-03-18,9519,レノバ,829.0,796.0,736.4,706.7,,1253400,0.93,,,,,
2026-03-18,6378,木村化工機,1584.0,1479.0,1445.5,1330.2,,1214700,1.09,,,,,
2026-03-18,9505,北陸電力,1134.5,1071.5,1066.7,1018.0,,1211100,1.19,,,,,
2026-03-18,3358,Ｔｒａｉｌｈｅａｄ　Ｇｌｏｂａｌ　Ｈｏｌｄｉｎｇｓ,115.0,115.4,111.7,100.9,,1116600,0.5,,,,,
2026-03-18,2269,明治ホールディングス,4060.0,3988.4,3924.7,3721.7,,1036700,0.73,,,,,
2026-03-18,4591,リボミック,95.0,97.2,91.9,85.5,,1021600,0.2,,,,,
2026-03-18,2337,いちご,493.0,489.4,459.5,440.0,,1020500,0.5,,,,,
2026-03-18,6779,日本電波工業,1446.0,1345.2,1295.3,1116.4,,1016200,0.82,,,,,
2026-03-18,4578,大塚ホールディングス,11120.0,11028.0,10529.0,9709.9,,1015800,0.69,,,,,
2026-03-18,4813,ＡＣＣＥＳＳ,596.0,606.4,603.8,599.0,,992800,5.57,,,,,
2026-03-18,5844,京都フィナンシャルグループ,4400.0,4380.6,3955.3,3740.6,,976800,0.45,,,,,
2026-03-18,5631,日本製鋼所,10305.0,9943.0,9743.8,9049.8,,966800,0.79,,,,,
2026-03-18,6232,ＡＣＳＬ,1645.0,1686.8,1470.7,1195.9,,949300,0.56,,,,,
2026-03-18,4422,ＶＡＬＵＥＮＥＸ,515.0,434.8,354.7,336.1,,938400,6.62,,,,,
2026-03-18,9735,セコム,6132.0,6019.2,5989.4,5842.8,,923100,0.76,,,,,
2026-03-18,4565,ネクセラファーマ,916.0,919.6,915.0,862.6,,921400,1.02,,,,,
2026-03-18,9517,イーレックス,947.0,862.0,770.8,677.7,,900100,1.39,,,,,
2026-03-18,2120,ＬＩＦＵＬＬ,213.0,209.0,208.4,190.6,,866700,0.73,,,,,
2026-03-18,6460,セガサミーホールディングス,2627.0,2649.8,2606.9,2495.8,,866600,0.61,,,,,
2026-03-18,4091,日本酸素ホールディングス,6294.0,6024.2,5844.6,5224.6,,846400,0.95,,,,,
2026-03-18,6521,オキサイド,5090.0,4847.0,3785.9,2554.4,,828800,0.46,,,,,
2026-03-18,3803,イメージ情報開発,725.0,636.0,606.6,603.0,,800300,3.24,,,,,
2026-03-18,3673,ブロードリーフ,994.0,921.6,790.3,727.5,,778600,0.81,,,,,
2026-03-18,6197,ソラスト,1003.0,990.2,971.7,913.0,,746600,0.57,,,,,
2026-03-18,4996,クミアイ化学工業,799.0,783.0,733.4,711.6,,699100,0.54,,,,,
2026-03-18,6754,アンリツ,2894.5,2871.4,2867.1,2501.2,,688900,0.49,,,,,
2026-03-18,1407,ウエストホールディングス,1851.0,1840.8,1716.3,1620.2,,688600,0.95,,,,,
2026-03-18,5727,東邦チタニウム,2783.0,2777.8,2552.8,1941.0,,681000,0.39,,,,,
2026-03-18,2222,寿スピリッツ,2010.5,1940.1,1936.9,1890.1,,665400,1.2,,,,,
2026-03-18,9507,四国電力,1784.0,1723.3,1707.4,1620.3,,659900,0.91,,,,,
2026-03-18,2516,東証グロース２５０ＥＴＦ,613.6,599.6,594.2,567.1,,651530,0.73,,,,,
2026-03-18,2331,ＡＬＳＯＫ,1249.0,1229.3,1227.9,1223.3,,649900,0.53,,,,,
2026-03-18,6327,北川精機,1770.0,1685.0,1677.2,1214.3,,604500,1.02,,,,,
2026-03-18,8876,リログループ,1982.5,1939.0,1906.1,1812.3,,544700,0.82,,,,,
2026-03-18,7220,武蔵精密工業,2923.0,2864.8,2784.6,2697.4,,539600,0.45,,,,,
2026-03-18,9119,飯野海運,1835.0,1721.8,1666.5,1559.2,,531300,1.54,,,,,
2026-03-18,8381,山陰合同銀行,1733.0,1679.0,1676.8,1614.6,,523700,0.6,,,,,
2026-03-18,4512,わかもと製薬,353.0,341.6,332.1,314.7,,517200,3.87,,,,,
2026-03-18,5698,エンビプロ・ホールディングス,1070.0,972.0,956.7,848.3,,515700,1.66,,,,,
2026-03-18,7859,アルメディオ,250.0,262.2,243.9,200.9,,515300,0.36,,,,,
2026-03-18,6227,ＡＩメカテック,19460.0,21174.0,20710.5,11998.5,,506800,0.47,,,,,
2026-03-18,8508,Ｊトラスト,565.0,557.6,542.6,502.8,,505900,0.47,,,,,
2026-03-19,8918,ランド,10.0,9.4,9.4,9.3,,235300000,1.07,,,,,
2026-03-19,6740,ジャパンディスプレイ,95.0,111.2,57.9,33.7,,185127100,0.63,,,,,
2026-03-19,4564,オンコセラピー・サイエンス,23.0,22.8,21.5,21.2,,92380900,1.45,,,,,
2026-03-19,8058,三菱商事,5397.0,5358.4,5185.9,4471.9,,22540600,1.95,,,,,
2026-03-19,7011,三菱重工業,4848.0,4853.2,4828.0,4596.0,,22002700,0.89,,,,,
2026-03-19,4591,リボミック,99.0,96.8,92.7,86.0,,20657400,4.63,,,,,
2026-03-19,6522,アスタリスク,854.0,535.6,439.9,405.5,,17281300,750.38,,,,,
2026-03-19,8031,三井物産,6250.0,6183.2,5881.1,5304.1,,16432200,1.88,,,,,
2026-03-19,6613,ＱＤレーザ,1546.0,1459.4,981.1,628.1,,15979900,1.01,,,,,
2026-03-19,9107,川崎汽船,2781.0,2751.6,2597.7,2359.0,,15830800,1.71,,,,,
2026-03-19,6378,木村化工機,1677.0,1526.4,1464.8,1337.9,,15662100,13.64,,,,,
2026-03-19,9104,商船三井,6976.0,6484.2,6004.8,5229.7,,15434800,2.39,,,,,
2026-03-19,1605,ＩＮＰＥＸ,4700.0,4527.0,4083.9,3574.5,,15309600,1.06,,,,,
2026-03-19,6752,パナソニック　ホールディングス,2600.5,2607.2,2533.9,2310.7,,12098400,1.31,,,,,
2026-03-19,4063,信越化学工業,6373.0,6512.4,6176.7,5557.3,,10998400,1.02,,,,,
2026-03-19,5803,フジクラ,25330.0,25558.0,25524.2,21221.7,,9983100,0.82,,,,,
2026-03-19,3315,日本コークス工業,114.0,122.8,122.2,116.0,,9887300,1.02,,,,,
2026-03-19,8002,丸紅,5495.0,5649.6,5637.1,5241.3,,8699000,1.5,,,,,
2026-03-19,4888,ステラファーマ,605.0,501.0,461.4,337.2,,8573300,3.0,,,,,
2026-03-19,6356,日本ギア工業,1800.0,1814.0,1564.6,1123.2,,8000900,0.74,,,,,
2026-03-19,9101,日本郵船,6140.0,5905.8,5570.0,5253.1,,7944900,1.49,,,,,
2026-03-19,6731,ピクセラ,43.0,44.2,43.0,42.9,,7772000,0.83,,,,,
2026-03-19,5801,古河電気工業,29400.0,29131.0,27888.2,18014.2,,7140000,0.91,,,,,
2026-03-19,4502,武田薬品工業,5768.0,5773.6,5742.1,5344.8,,7029100,1.64,,,,,
2026-03-19,6963,ローム,3213.0,3289.2,3045.5,2656.7,,6985500,0.89,,,,,
2026-03-19,1662,石油資源開発,2591.0,2618.8,2461.3,2058.8,,6554300,1.38,,,,,
2026-03-19,3656,ＫＬａｂ,383.0,388.2,361.1,349.3,,5803000,0.5,,,,,
2026-03-19,5019,出光興産,1479.0,1479.4,1444.6,1333.5,,5338900,1.29,,,,,
2026-03-19,4594,ブライトパス・バイオ,72.0,71.6,67.9,62.5,,5226000,0.63,,,,,
2026-03-19,6965,浜松ホトニクス,1907.0,2007.7,2005.7,1813.5,,5091600,0.72,,,,,
2026-03-19,7453,良品計画,3516.0,3647.0,3598.6,3262.6,,4513200,1.16,,,,,
2026-03-19,7832,バンダイナムコホールディングス,4177.0,4233.8,4157.1,4137.3,,4114500,1.86,,,,,
2026-03-19,8628,松井証券,978.0,950.4,947.6,909.7,,3794100,4.34,,,,,
2026-03-19,5074,テスホールディングス,635.0,667.4,611.8,460.4,,3740800,0.74,,,,,
2026-03-19,9115,明海グループ,1267.0,1015.0,842.9,742.4,,3660200,4.23,,,,,
2026-03-19,9143,ＳＧホールディングス,1574.0,1525.6,1510.0,1493.8,,3597900,1.6,,,,,
2026-03-19,8088,岩谷産業,2008.0,1987.5,1903.5,1830.7,,3446400,1.96,,,,,
2026-03-19,6920,レーザーテック,35090.0,36462.0,34085.5,33069.8,,3239200,0.63,,,,,
2026-03-19,9502,中部電力,2570.5,2558.5,2545.7,2408.1,,3126100,1.2,,,,,
2026-03-19,1699,ＮＥＸＴ　ＦＵＮＤＳ　ＮＯＭＵＲＡ　原油インデックス連動型上場投信,622.8,606.5,516.9,439.3,,2994610,0.54,,,,,
2026-03-19,2038,ＮＥＸＴ　ＮＯＴＥＳ　ドバイ原油先物　ダブル・ブル　ＥＴＮ,2998.0,2799.0,2218.8,1731.3,,2957278,2.07,,,,,
2026-03-19,4893,ノイルイミューン・バイオテック,152.0,180.6,163.3,151.4,,2851100,1.23,,,,,
2026-03-19,9130,共栄タンカー,2376.0,2416.4,1725.2,1320.8,,2760700,0.93,,,,,
2026-03-19,4881,ファンペップ,104.0,109.8,101.0,91.1,,2547100,0.33,,,,,
2026-03-19,1514,住石ホールディングス,939.0,1034.8,952.0,775.7,,2458400,0.75,,,,,
2026-03-19,3635,コーエーテクモホールディングス,1796.0,1850.2,1787.3,1784.2,,2257700,0.59,,,,,
2026-03-19,2656,ベクターホールディングス,167.0,163.2,149.3,138.5,,2176000,1.9,,,,,
2026-03-19,1671,ＷＴＩ原油価格連動型上場投信,5150.0,5077.8,4211.1,3480.3,,2148730,0.84,,,,,
2026-03-19,6619,ダブル・スコープ,189.0,191.2,176.3,167.5,,2050300,0.84,,,,,
2026-03-19,4265,Ｉｎｓｔｉｔｕｔｉｏｎ　ｆｏｒ　ａ　Ｇｌｏｂａｌ　Ｓｏｃｉｅｔｙ,435.0,401.4,312.1,307.6,,1929300,2.65,,,,,
2026-03-19,4578,大塚ホールディングス,10720.0,10968.0,10534.2,9734.8,,1844700,1.29,,,,,
2026-03-19,6460,セガサミーホールディングス,2552.5,2624.5,2607.2,2497.1,,1817500,1.4,,,,,
2026-03-19,6845,アズビル,1414.0,1427.2,1407.0,1392.0,,1808800,1.36,,,,,
2026-03-19,9513,電源開発,4007.0,3968.6,3783.8,3466.1,,1776800,1.14,,,,,
2026-03-19,1878,大東建託,3601.0,3621.8,3599.1,3291.4,,1729200,1.04,,,,,
2026-03-19,5563,新日本電工,430.0,436.4,433.9,397.8,,1688200,1.45,,,,,
2026-03-19,2516,東証グロース２５０ＥＴＦ,585.0,596.6,593.5,568.4,,1676470,2.06,,,,,
2026-03-19,9227,マイクロ波化学,1074.0,1043.8,1036.0,1007.1,,1672800,3.86,,,,,
2026-03-19,2269,明治ホールディングス,3929.0,3994.8,3929.9,3730.4,,1664400,1.21,,,,,
2026-03-19,9519,レノバ,758.0,800.2,735.6,708.9,,1651600,1.23,,,,,
2026-03-19,5985,サンコール,1983.0,2039.8,1611.1,1203.3,,1565300,0.23,,,,,
2026-03-19,9412,スカパーＪＳＡＴホールディングス,2800.0,2908.4,2857.7,2477.3,,1533900,0.87,,,,,
2026-03-19,9735,セコム,5977.0,6039.4,5990.6,5849.1,,1531200,1.36,,,,,
2026-03-19,9119,飯野海運,1808.0,1744.8,1676.8,1566.3,,1510000,4.31,,,,,
2026-03-19,9348,ｉｓｐａｃｅ,584.0,583.4,580.8,548.4,,1509100,1.06,,,,,
2026-03-19,6779,日本電波工業,1301.0,1341.6,1297.7,1122.7,,1504900,1.3,,,,,
2026-03-19,2321,ソフトフロントホールディングス,317.0,357.8,301.0,234.1,,1460400,0.33,,,,,
2026-03-19,9505,北陸電力,1088.0,1080.8,1066.4,1020.3,,1456400,1.51,,,,,
2026-03-19,5844,京都フィナンシャルグループ,4396.0,4389.4,3991.2,3758.3,,1407700,0.7,,,,,
2026-03-19,3647,アスリナ,146.0,149.6,141.8,131.6,,1380000,0.59,,,,,
2026-03-19,7719,東京衡機,650.0,722.4,674.0,431.6,,1311600,0.71,,,,,
2026-03-19,7868,広済堂ホールディングス,476.0,483.4,482.7,480.4,,1304000,1.56,,,,,
2026-03-19,3840,パス,68.0,78.4,65.0,60.5,,1293400,0.18,,,,,
2026-03-19,4422,ＶＡＬＵＥＮＥＸ,475.0,464.2,360.2,341.2,,1288400,5.6,,,,,
2026-03-19,9507,四国電力,1721.5,1729.9,1704.3,1624.5,,1280200,1.84,,,,,
2026-03-19,2331,ＡＬＳＯＫ,1228.0,1231.8,1231.2,1223.0,,1251200,1.08,,,,,
2026-03-19,4385,メルカリ,3496.0,3493.0,3492.0,3316.3,,1230000,0.89,,,,,
2026-03-19,6838,多摩川ホールディングス,1501.0,1330.8,1067.0,851.4,,1204200,2.02,,,,,
2026-03-19,2120,ＬＩＦＵＬＬ,204.0,209.2,207.9,191.2,,1112700,1.01,,,,,
2026-03-19,3113,ＵＮＩＶＡ・Ｏａｋホールディングス,80.0,80.6,73.5,71.9,,1037900,0.37,,,,,
2026-03-19,4996,クミアイ化学工業,777.0,793.2,736.4,713.1,,1036100,0.81,,,,,
2026-03-19,5631,日本製鋼所,9901.0,9954.4,9785.4,9082.6,,1007900,0.86,,,,,
2026-03-19,2337,いちご,483.0,488.8,461.8,441.1,,991100,0.49,,,,,
2026-03-19,1407,ウエストホールディングス,1750.0,1848.8,1715.8,1627.2,,910600,1.24,,,,,
2026-03-19,3673,ブロードリーフ,993.0,947.0,807.9,732.2,,901700,0.99,,,,,
2026-03-19,4091,日本酸素ホールディングス,5989.0,6098.6,5858.2,5247.1,,896400,1.01,,,,,
2026-03-19,6232,ＡＣＳＬ,1542.0,1661.6,1486.1,1206.8,,886900,0.54,,,,,
2026-03-19,7375,リファインバースグループ,1093.0,1065.2,969.0,887.0,,873600,14.21,,,,,
2026-03-19,2012,ｉシェアーズ　米国債０－３ヶ月　ＥＴＦ,239.3,238.5,235.5,233.5,,844480,2.82,,,,,
2026-03-19,9517,イーレックス,970.0,893.6,784.5,683.8,,840700,1.27,,,,,
2026-03-19,5727,東邦チタニウム,2642.0,2746.2,2591.2,1964.2,,831000,0.55,,,,,
2026-03-19,6093,エスクロー・エージェント・ジャパン,191.0,190.8,181.6,181.3,,827300,1.45,,,,,
2026-03-19,8381,山陰合同銀行,1639.0,1677.2,1671.5,1618.1,,818300,1.02,,,,,
2026-03-19,3083,スターシーズ,1047.0,980.0,839.8,794.2,,806700,2.88,,,,,
2026-03-19,3358,Ｔｒａｉｌｈｅａｄ　Ｇｌｏｂａｌ　Ｈｏｌｄｉｎｇｓ,115.0,115.2,112.6,101.3,,799100,0.41,,,,,
2026-03-19,2620,ｉシェアーズ　米国債１－３年　ＥＴＦ,372.1,371.5,367.8,365.3,,786100,2.91,,,,,
2026-03-19,3964,オークネット,2404.0,2504.4,2411.4,2220.2,,776200,8.8,,,,,
2026-03-19,3563,ＦＯＯＤ　＆　ＬＩＦＥ　ＣＯＭＰＡＮＩＥＳ,9510.0,9572.6,9562.5,8876.8,,774500,0.3,,,,,
2026-03-19,7746,岡本硝子,1078.0,1091.0,1037.8,922.4,,773000,0.42,,,,,
2026-03-19,7220,武蔵精密工業,2687.0,2832.6,2799.0,2699.4,,727700,0.71,,,,,
2026-03-19,4889,レナサイエンス,1738.0,1937.8,1927.1,1672.9,,723200,1.6,,,,,
2026-03-19,6521,オキサイド,5190.0,4925.0,3904.7,2617.2,,708500,0.39,,,,,
2026-03-19,5451,ヨドコウ,1518.0,1527.2,1520.9,1440.5,,699700,1.16,,,,,
2026-03-19,7412,アトム,645.0,642.0,626.8,597.4,,680100,2.2,,,,,
2026-03-19,2222,寿スピリッツ,1959.0,1950.4,1935.5,1892.7,,679500,1.22,,,,,
2026-03-19,3865,北越コーポレーション,957.0,1002.4,997.6,952.9,,666600,2.15,,,,,
2026-03-19,7771,日本精密,431.0,430.8,418.1,345.5,,664300,0.42,,,,,
2026-03-19,6197,ソラスト,987.0,990.4,975.5,915.2,,654200,0.58,,,,,
2026-03-19,2170,リンクアンドモチベーション,537.0,547.4,547.0,528.2,,646700,1.36,,,,,
2026-03-19,8876,リログループ,1960.0,1948.0,1913.3,1816.8,,644300,1.02,,,,,
2026-03-19,8715,アニコム　ホールディングス,1337.0,1345.0,1260.6,1117.9,,638500,1.27,,,,,
2026-03-19,5381,マイポックス,990.0,1042.6,890.5,681.1,,627700,0.79,,,,,
2026-03-19,9854,愛眼,280.0,269.2,252.2,230.7,,600900,4.86,,,,,
2026-03-19,6834,精工技研,26180.0,26696.0,25732.0,17678.7,,589400,1.15,,,,,
2026-03-19,4075,ブレインズテクノロジー,1667.0,1697.8,1163.2,939.2,,569400,0.58,,,,,
2026-03-19,8622,水戸証券,733.0,733.0,687.0,620.8,,542400,0.61,,,,,
2026-03-19,9072,ニッコンホールディングス,4069.0,4020.6,3978.8,3731.9,,538900,1.33,,,,,
2026-03-19,7164,全国保証,3164.0,3171.6,3170.4,3144.6,,536400,1.36,,,,,
2026-03-19,3441,山王,2435.0,2011.4,1541.3,1289.0,,529900,2.88,,,,,
2026-03-19,6955,ＦＤＫ,503.0,490.4,466.5,412.8,,524800,1.5,,,,,
2026-03-19,6787,メイコー,25210.0,25174.0,23356.5,16022.2,,505200,0.86,,,,,
2026-03-20,8918,ランド,10.0,9.4,9.4,9.3,,235300000,1.07,,,,,
2026-03-20,6740,ジャパンディスプレイ,95.0,111.2,57.9,33.7,,185127100,0.63,,,,,
2026-03-20,4564,オンコセラピー・サイエンス,23.0,22.8,21.5,21.2,,92380900,1.45,,,,,
2026-03-20,8058,三菱商事,5397.0,5358.4,5185.9,4471.9,,22540600,1.95,,,,,
2026-03-20,7011,三菱重工業,4848.0,4853.2,4828.0,4596.0,,22002700,0.89,,,,,
2026-03-20,4591,リボミック,99.0,96.8,92.7,86.0,,20657400,4.63,,,,,
2026-03-20,6522,アスタリスク,854.0,535.6,439.9,405.5,,17281300,750.38,,,,,
2026-03-20,8031,三井物産,6250.0,6183.2,5881.1,5304.1,,16432200,1.88,,,,,
2026-03-20,6613,ＱＤレーザ,1546.0,1459.4,981.1,628.1,,15979900,1.01,,,,,
2026-03-20,9107,川崎汽船,2781.0,2751.6,2597.7,2359.0,,15830800,1.71,,,,,
2026-03-20,6378,木村化工機,1677.0,1526.4,1464.8,1337.9,,15662100,13.64,,,,,
2026-03-20,9104,商船三井,6976.0,6484.2,6004.8,5229.7,,15434800,2.39,,,,,
2026-03-20,1605,ＩＮＰＥＸ,4700.0,4527.0,4083.9,3574.5,,15309600,1.06,,,,,
2026-03-20,6752,パナソニック　ホールディングス,2600.5,2607.2,2533.9,2310.7,,12098400,1.31,,,,,
2026-03-20,4063,信越化学工業,6373.0,6512.4,6176.7,5557.3,,10998400,1.02,,,,,
2026-03-20,5803,フジクラ,25330.0,25558.0,25524.2,21221.7,,9983100,0.82,,,,,
2026-03-20,3315,日本コークス工業,114.0,122.8,122.2,116.0,,9887300,1.02,,,,,
2026-03-20,8002,丸紅,5495.0,5649.6,5637.1,5241.3,,8699000,1.5,,,,,
2026-03-20,4888,ステラファーマ,605.0,501.0,461.4,337.2,,8573300,3.0,,,,,
2026-03-20,6356,日本ギア工業,1800.0,1814.0,1564.6,1123.2,,8000900,0.74,,,,,
2026-03-20,9101,日本郵船,6140.0,5905.8,5570.0,5253.1,,7944900,1.49,,,,,
2026-03-20,6731,ピクセラ,43.0,44.2,43.0,42.9,,7772000,0.83,,,,,
2026-03-20,5801,古河電気工業,29400.0,29131.0,27888.2,18014.2,,7140000,0.91,,,,,
2026-03-20,4502,武田薬品工業,5768.0,5773.6,5742.1,5344.8,,7029100,1.64,,,,,
2026-03-20,6963,ローム,3213.0,3289.2,3045.5,2656.7,,6985500,0.89,,,,,
2026-03-20,1662,石油資源開発,2591.0,2618.8,2461.3,2058.8,,6554300,1.38,,,,,
2026-03-20,3656,ＫＬａｂ,383.0,388.2,361.1,349.3,,5803000,0.5,,,,,
2026-03-20,5019,出光興産,1479.0,1479.4,1444.6,1333.5,,5338900,1.29,,,,,
2026-03-20,4594,ブライトパス・バイオ,72.0,71.6,67.9,62.5,,5226000,0.63,,,,,
2026-03-20,6965,浜松ホトニクス,1907.0,2007.7,2005.7,1813.5,,5091600,0.72,,,,,
2026-03-20,7453,良品計画,3516.0,3647.0,3598.6,3262.6,,4513200,1.16,,,,,
2026-03-20,7832,バンダイナムコホールディングス,4177.0,4233.8,4157.1,4137.3,,4114500,1.86,,,,,
2026-03-20,8628,松井証券,978.0,950.4,947.6,909.7,,3794100,4.34,,,,,
2026-03-20,5074,テスホールディングス,635.0,667.4,611.8,460.4,,3740800,0.74,,,,,
2026-03-20,9115,明海グループ,1267.0,1015.0,842.9,742.4,,3660200,4.23,,,,,
2026-03-20,9143,ＳＧホールディングス,1574.0,1525.6,1510.0,1493.8,,3597900,1.6,,,,,
2026-03-20,8088,岩谷産業,2008.0,1987.5,1903.5,1830.7,,3446400,1.96,,,,,
2026-03-20,6920,レーザーテック,35090.0,36462.0,34085.5,33069.8,,3239200,0.63,,,,,
2026-03-20,9502,中部電力,2570.5,2558.5,2545.7,2408.1,,3126100,1.2,,,,,
2026-03-20,1699,ＮＥＸＴ　ＦＵＮＤＳ　ＮＯＭＵＲＡ　原油インデックス連動型上場投信,622.8,606.5,516.9,439.3,,2994610,0.54,,,,,
2026-03-20,2038,ＮＥＸＴ　ＮＯＴＥＳ　ドバイ原油先物　ダブル・ブル　ＥＴＮ,2998.0,2799.0,2218.8,1731.3,,2957278,2.07,,,,,
2026-03-20,4893,ノイルイミューン・バイオテック,152.0,180.6,163.3,151.4,,2851100,1.23,,,,,
2026-03-20,9130,共栄タンカー,2376.0,2416.4,1725.2,1320.8,,2760700,0.93,,,,,
2026-03-20,4881,ファンペップ,104.0,109.8,101.0,91.1,,2547100,0.33,,,,,
2026-03-20,1514,住石ホールディングス,939.0,1034.8,952.0,775.7,,2458400,0.75,,,,,
2026-03-20,3635,コーエーテクモホールディングス,1796.0,1850.2,1787.3,1784.2,,2257700,0.59,,,,,
2026-03-20,2656,ベクターホールディングス,167.0,163.2,149.3,138.5,,2176000,1.9,,,,,
2026-03-20,1671,ＷＴＩ原油価格連動型上場投信,5150.0,5077.8,4211.1,3480.3,,2148730,0.84,,,,,
2026-03-20,6619,ダブル・スコープ,189.0,191.2,176.3,167.5,,2050300,0.84,,,,,
2026-03-20,4265,Ｉｎｓｔｉｔｕｔｉｏｎ　ｆｏｒ　ａ　Ｇｌｏｂａｌ　Ｓｏｃｉｅｔｙ,435.0,401.4,312.1,307.6,,1929300,2.65,,,,,
2026-03-20,4578,大塚ホールディングス,10720.0,10968.0,10534.2,9734.8,,1844700,1.29,,,,,
2026-03-20,6460,セガサミーホールディングス,2552.5,2624.5,2607.2,2497.1,,1817500,1.4,,,,,
2026-03-20,6845,アズビル,1414.0,1427.2,1407.0,1392.0,,1808800,1.36,,,,,
2026-03-20,9513,電源開発,4007.0,3968.6,3783.8,3466.1,,1776800,1.14,,,,,
2026-03-20,1878,大東建託,3601.0,3621.8,3599.1,3291.4,,1729200,1.04,,,,,
2026-03-20,5563,新日本電工,430.0,436.4,433.9,397.8,,1688200,1.45,,,,,
2026-03-20,2516,東証グロース２５０ＥＴＦ,585.0,596.6,593.5,568.4,,1676470,2.06,,,,,
2026-03-20,9227,マイクロ波化学,1074.0,1043.8,1036.0,1007.1,,1672800,3.86,,,,,
2026-03-20,2269,明治ホールディングス,3929.0,3994.8,3929.9,3730.4,,1664400,1.21,,,,,
2026-03-20,9519,レノバ,758.0,800.2,735.6,708.9,,1651600,1.23,,,,,
2026-03-20,5985,サンコール,1983.0,2039.8,1611.1,1203.3,,1565300,0.23,,,,,
2026-03-20,9412,スカパーＪＳＡＴホールディングス,2800.0,2908.4,2857.7,2477.3,,1533900,0.87,,,,,
2026-03-20,9735,セコム,5977.0,6039.4,5990.6,5849.1,,1531200,1.36,,,,,
2026-03-20,9119,飯野海運,1808.0,1744.8,1676.8,1566.3,,1510000,4.31,,,,,
2026-03-20,9348,ｉｓｐａｃｅ,584.0,583.4,580.8,548.4,,1509100,1.06,,,,,
2026-03-20,6779,日本電波工業,1301.0,1341.6,1297.7,1122.7,,1504900,1.3,,,,,
2026-03-20,2321,ソフトフロントホールディングス,317.0,357.8,301.0,234.1,,1460400,0.33,,,,,
2026-03-20,9505,北陸電力,1088.0,1080.8,1066.4,1020.3,,1456400,1.51,,,,,
2026-03-20,5844,京都フィナンシャルグループ,4396.0,4389.4,3991.2,3758.3,,1407700,0.7,,,,,
2026-03-20,3647,アスリナ,146.0,149.6,141.8,131.6,,1380000,0.59,,,,,
2026-03-20,7719,東京衡機,650.0,722.4,674.0,431.6,,1311600,0.71,,,,,
2026-03-20,7868,広済堂ホールディングス,476.0,483.4,482.7,480.4,,1304000,1.56,,,,,
2026-03-20,3840,パス,68.0,78.4,65.0,60.5,,1293400,0.18,,,,,
2026-03-20,4422,ＶＡＬＵＥＮＥＸ,475.0,464.2,360.2,341.2,,1288400,5.6,,,,,
2026-03-20,9507,四国電力,1721.5,1729.9,1704.3,1624.5,,1280200,1.84,,,,,
2026-03-20,2331,ＡＬＳＯＫ,1228.0,1231.8,1231.2,1223.0,,1251200,1.08,,,,,
2026-03-20,4385,メルカリ,3496.0,3493.0,3492.0,3316.3,,1230000,0.89,,,,,
2026-03-20,6838,多摩川ホールディングス,1501.0,1330.8,1067.0,851.4,,1204200,2.02,,,,,
2026-03-20,2120,ＬＩＦＵＬＬ,204.0,209.2,207.9,191.2,,1112700,1.01,,,,,
2026-03-20,3113,ＵＮＩＶＡ・Ｏａｋホールディングス,80.0,80.6,73.5,71.9,,1037900,0.37,,,,,
2026-03-20,4996,クミアイ化学工業,777.0,793.2,736.4,713.1,,1036100,0.81,,,,,
2026-03-20,5631,日本製鋼所,9901.0,9954.4,9785.4,9082.6,,1007900,0.86,,,,,
2026-03-20,2337,いちご,483.0,488.8,461.8,441.1,,991100,0.49,,,,,
2026-03-20,1407,ウエストホールディングス,1750.0,1848.8,1715.8,1627.2,,910600,1.24,,,,,
2026-03-20,3673,ブロードリーフ,993.0,947.0,807.9,732.2,,901700,0.99,,,,,
2026-03-20,4091,日本酸素ホールディングス,5989.0,6098.6,5858.2,5247.1,,896400,1.01,,,,,
2026-03-20,6232,ＡＣＳＬ,1542.0,1661.6,1486.1,1206.8,,886900,0.54,,,,,
2026-03-20,7375,リファインバースグループ,1093.0,1065.2,969.0,887.0,,873600,14.21,,,,,
2026-03-20,2012,ｉシェアーズ　米国債０－３ヶ月　ＥＴＦ,239.3,238.5,235.5,233.5,,844480,2.82,,,,,
2026-03-20,9517,イーレックス,970.0,893.6,784.5,683.8,,840700,1.27,,,,,
2026-03-20,5727,東邦チタニウム,2642.0,2746.2,2591.2,1964.2,,831000,0.55,,,,,
2026-03-20,6093,エスクロー・エージェント・ジャパン,191.0,190.8,181.6,181.3,,827300,1.45,,,,,
2026-03-20,8381,山陰合同銀行,1639.0,1677.2,1671.5,1618.1,,818300,1.02,,,,,
2026-03-20,3083,スターシーズ,1047.0,980.0,839.8,794.2,,806700,2.88,,,,,
2026-03-20,3358,Ｔｒａｉｌｈｅａｄ　Ｇｌｏｂａｌ　Ｈｏｌｄｉｎｇｓ,115.0,115.2,112.6,101.3,,799100,0.41,,,,,
2026-03-20,2620,ｉシェアーズ　米国債１－３年　ＥＴＦ,372.1,371.5,367.8,365.3,,786100,2.91,,,,,
2026-03-20,3964,オークネット,2404.0,2504.4,2411.4,2220.2,,776200,8.8,,,,,
2026-03-20,3563,ＦＯＯＤ　＆　ＬＩＦＥ　ＣＯＭＰＡＮＩＥＳ,9510.0,9572.6,9562.5,8876.8,,774500,0.3,,,,,
2026-03-20,7746,岡本硝子,1078.0,1091.0,1037.8,922.4,,773000,0.42,,,,,
2026-03-20,7220,武蔵精密工業,2687.0,2832.6,2799.0,2699.4,,727700,0.71,,,,,
2026-03-20,4889,レナサイエンス,1738.0,1937.8,1927.1,1672.9,,723200,1.6,,,,,
2026-03-20,6521,オキサイド,5190.0,4925.0,3904.7,2617.2,,708500,0.39,,,,,
2026-03-20,5451,ヨドコウ,1518.0,1527.2,1520.9,1440.5,,699700,1.16,,,,,
2026-03-20,7412,アトム,645.0,642.0,626.8,597.4,,680100,2.2,,,,,
2026-03-20,2222,寿スピリッツ,1959.0,1950.4,1935.5,1892.7,,679500,1.22,,,,,
2026-03-20,3865,北越コーポレーション,957.0,1002.4,997.6,952.9,,666600,2.15,,,,,
2026-03-20,7771,日本精密,431.0,430.8,418.1,345.5,,664300,0.42,,,,,
2026-03-20,6197,ソラスト,987.0,990.4,975.5,915.2,,654200,0.58,,,,,
2026-03-20,2170,リンクアンドモチベーション,537.0,547.4,547.0,528.2,,646700,1.36,,,,,
2026-03-20,8876,リログループ,1960.0,1948.0,1913.3,1816.8,,644300,1.02,,,,,
2026-03-20,8715,アニコム　ホールディングス,1337.0,1345.0,1260.6,1117.9,,638500,1.27,,,,,
2026-03-20,5381,マイポックス,990.0,1042.6,890.5,681.1,,627700,0.79,,,,,
2026-03-20,9854,愛眼,280.0,269.2,252.2,230.7,,600900,4.86,,,,,
2026-03-20,6834,精工技研,26180.0,26696.0,25732.0,17678.7,,589400,1.15,,,,,
2026-03-20,4075,ブレインズテクノロジー,1667.0,1697.8,1163.2,939.2,,569400,0.58,,,,,
2026-03-20,8622,水戸証券,733.0,733.0,687.0,620.8,,542400,0.61,,,,,
2026-03-20,9072,ニッコンホールディングス,4069.0,4020.6,3978.8,3731.9,,538900,1.33,,,,,
2026-03-20,7164,全国保証,3164.0,3171.6,3170.4,3144.6,,536400,1.36,,,,,
2026-03-20,3441,山王,2435.0,2011.4,1541.3,1289.0,,529900,2.88,,,,,
2026-03-20,6955,ＦＤＫ,503.0,490.4,466.5,412.8,,524800,1.5,,,,,
2026-03-20,6787,メイコー,25210.0,25174.0,23356.5,16022.2,,505200,0.86,,,,,
2026-03-23,8918,ランド,9.0,9.4,9.4,9.3,,170875200,0.76,,,,,
2026-03-23,4564,オンコセラピー・サイエンス,21.0,22.6,21.5,21.2,,66352100,0.97,,,,,
2026-03-23,7011,三菱重工業,4517.0,4807.6,4806.3,4607.7,,36873600,1.54,,,,,
2026-03-23,4063,信越化学工業,6073.0,6420.8,6193.1,5578.7,,17076600,1.66,,,,,
2026-03-23,1605,ＩＮＰＥＸ,4483.0,4547.0,4122.1,3597.3,,16560400,1.16,,,,,
2026-03-23,8058,三菱商事,5272.0,5370.6,5200.6,4499.4,,14219400,1.14,,,,,
2026-03-23,6356,日本ギア工業,1509.0,1725.2,1585.5,1134.7,,12232000,1.08,,,,,
2026-03-23,8031,三井物産,5874.0,6192.4,5895.1,5327.4,,11685800,1.26,,,,,
2026-03-23,9107,川崎汽船,2577.5,2738.4,2607.3,2366.3,,11370300,1.15,,,,,
2026-03-23,6613,ＱＤレーザ,1300.0,1491.4,1007.5,644.8,,11264200,0.72,,,,,
2026-03-23,9104,商船三井,6382.0,6537.4,6053.2,5260.7,,9151800,1.24,,,,,
2026-03-23,6378,木村化工機,1644.0,1564.4,1467.4,1345.2,,8997800,3.77,,,,,
2026-03-23,6752,パナソニック　ホールディングス,2505.5,2586.2,2533.0,2319.6,,8440400,0.9,,,,,
2026-03-23,3656,ＫＬａｂ,346.0,376.6,362.1,349.3,,7479000,0.67,,,,,
2026-03-23,6740,ジャパンディスプレイ,65.0,106.0,59.9,34.5,,6978900,0.02,,,,,
2026-03-23,2914,日本たばこ産業,5693.0,5837.8,5827.6,5802.2,,6754400,1.72,,,,,
2026-03-23,5801,古河電気工業,27680.0,28529.0,28129.2,18324.6,,6708100,0.87,,,,,
2026-03-23,9101,日本郵船,5714.0,5920.6,5596.0,5266.2,,6504600,1.16,,,,,
2026-03-23,4502,武田薬品工業,5577.0,5754.4,5730.2,5362.9,,5922600,1.31,,,,,
2026-03-23,5019,出光興産,1407.5,1468.5,1443.7,1337.5,,5509100,1.35,,,,,
2026-03-23,5074,テスホールディングス,580.0,647.8,612.5,464.9,,5373700,1.02,,,,,
2026-03-23,1662,石油資源開発,2483.0,2601.0,2468.6,2074.8,,5263600,1.08,,,,,
2026-03-23,4888,ステラファーマ,705.0,552.8,477.2,345.1,,5168500,1.43,,,,,
2026-03-23,4594,ブライトパス・バイオ,68.0,71.4,67.7,62.9,,5087000,0.65,,,,,
2026-03-23,6963,ローム,3102.0,3249.6,3066.4,2673.3,,4518700,0.57,,,,,
2026-03-23,6920,レーザーテック,32030.0,35358.0,34136.5,33135.4,,4049800,0.83,,,,,
2026-03-23,9502,中部電力,2517.5,2558.5,2539.1,2411.0,,3669900,1.38,,,,,
2026-03-23,9115,明海グループ,1480.0,1150.0,879.1,756.6,,3550900,2.98,,,,,
2026-03-23,9143,ＳＧホールディングス,1497.5,1529.3,1505.1,1494.0,,3233000,1.43,,,,,
2026-03-23,6619,ダブル・スコープ,187.0,191.2,177.2,168.2,,3197000,1.28,,,,,
2026-03-23,8628,松井証券,965.0,956.0,948.5,912.3,,3057100,2.72,,,,,
2026-03-23,4591,リボミック,91.0,96.0,93.0,86.2,,3053800,0.48,,,,,
2026-03-23,8088,岩谷産業,1983.0,1994.0,1904.4,1836.6,,3029400,1.53,,,,,
2026-03-23,4881,ファンペップ,92.0,107.8,100.9,91.4,,2984800,0.41,,,,,
2026-03-23,2321,ソフトフロントホールディングス,237.0,323.2,303.7,235.2,,2964400,0.75,,,,,
2026-03-23,5985,サンコール,1618.0,1939.8,1635.2,1215.4,,2903900,0.43,,,,,
2026-03-23,9513,電源開発,3883.0,3958.6,3794.7,3479.5,,2791200,1.73,,,,,
2026-03-23,3840,パス,64.0,73.8,65.5,60.6,,2644700,0.36,,,,,
2026-03-23,1514,住石ホールディングス,872.0,981.6,945.9,781.5,,2495900,0.74,,,,,
2026-03-23,7832,バンダイナムコホールディングス,4122.0,4205.4,4159.5,4135.7,,2402300,1.03,,,,,
2026-03-23,9519,レノバ,760.0,795.8,735.0,710.9,,2349400,1.66,,,,,
2026-03-23,9130,共栄タンカー,2319.0,2360.4,1777.8,1342.0,,2284100,0.73,,,,,
2026-03-23,4265,Ｉｎｓｔｉｔｕｔｉｏｎ　ｆｏｒ　ａ　Ｇｌｏｂａｌ　Ｓｏｃｉｅｔｙ,406.0,412.2,319.1,309.3,,2179500,2.38,,,,,
2026-03-23,1671,ＷＴＩ原油価格連動型上場投信,5306.0,5133.2,4307.9,3520.3,,2106855,0.82,,,,,
2026-03-23,5631,日本製鋼所,9569.0,9860.2,9768.6,9118.8,,2049200,1.72,,,,,
2026-03-23,1699,ＮＥＸＴ　ＦＵＮＤＳ　ＮＯＭＵＲＡ　原油インデックス連動型上場投信,637.5,614.2,527.2,443.7,,2038470,0.36,,,,,
2026-03-23,6085,アーキテクツ・スタジオ・ジャパン,2765.0,3473.0,2635.0,1242.3,,2013000,3.85,,,,,
2026-03-23,8359,八十二長野銀行,1953.5,1963.6,1963.5,1918.4,,1795400,1.27,,,,,
2026-03-23,3635,コーエーテクモホールディングス,1753.0,1823.7,1789.8,1781.0,,1773000,0.49,,,,,
2026-03-23,2337,いちご,454.0,481.8,462.6,441.7,,1712500,0.94,,,,,
2026-03-23,5563,新日本電工,399.0,433.8,432.9,398.9,,1638800,1.38,,,,,
2026-03-23,2269,明治ホールディングス,3860.0,3980.6,3930.6,3737.9,,1585200,1.11,,,,,
2026-03-23,4578,大塚ホールディングス,10475.0,10862.0,10535.5,9755.2,,1481500,0.99,,,,,
2026-03-23,7746,岡本硝子,1008.0,1090.6,1038.0,934.7,,1427900,0.8,,,,,
2026-03-23,6197,ソラスト,931.0,977.6,976.3,917.0,,1420600,1.43,,,,,
2026-03-23,5727,東邦チタニウム,2343.0,2649.0,2611.8,1982.5,,1404900,1.03,,,,,
2026-03-23,9735,セコム,5806.0,5999.2,5983.9,5851.4,,1393800,1.24,,,,,
2026-03-23,5844,京都フィナンシャルグループ,4294.0,4354.6,4019.2,3773.6,,1386000,0.7,,,,,
2026-03-23,2120,ＬＩＦＵＬＬ,200.0,208.8,207.4,191.6,,1362300,1.23,,,,,
2026-03-23,2038,ＮＥＸＴ　ＮＯＴＥＳ　ドバイ原油先物　ダブル・ブル　ＥＴＮ,3231.0,2904.0,2295.7,1762.2,,1292719,0.79,,,,,
2026-03-23,4893,ノイルイミューン・バイオテック,142.0,173.0,162.6,151.4,,1218400,0.47,,,,,
2026-03-23,2620,ｉシェアーズ　米国債１－３年　ＥＴＦ,370.8,371.3,368.2,365.4,,1199900,3.57,,,,,
2026-03-23,6232,ＡＣＳＬ,1396.0,1586.2,1492.3,1215.5,,1193900,0.74,,,,,
2026-03-23,8622,水戸証券,699.0,726.4,689.9,623.4,,1179600,1.31,,,,,
2026-03-23,9505,北陸電力,1037.0,1077.7,1063.4,1021.6,,1178900,1.18,,,,,
2026-03-23,8876,リログループ,1875.0,1939.0,1914.7,1819.3,,1129400,1.76,,,,,
2026-03-23,6845,アズビル,1353.5,1415.8,1407.1,1391.3,,1085200,0.82,,,,,
2026-03-23,4996,クミアイ化学工業,735.0,783.0,737.1,713.8,,1072600,0.81,,,,,
2026-03-23,6779,日本電波工業,1199.0,1323.8,1296.8,1126.9,,1062600,0.9,,,,,
2026-03-23,4091,日本酸素ホールディングス,5821.0,6108.4,5863.5,5266.6,,1024600,1.14,,,,,
2026-03-23,6495,宮入バルブ製作所,231.0,246.2,245.5,202.3,,1001400,0.67,,,,,
2026-03-23,9517,イーレックス,899.0,908.6,794.7,688.5,,984900,1.43,,,,,
2026-03-23,5162,朝日ラバー,820.0,859.2,796.4,726.6,,967800,52.83,,,,,
2026-03-23,6838,多摩川ホールディングス,1343.0,1390.2,1086.5,862.7,,936300,1.34,,,,,
2026-03-23,1407,ウエストホールディングス,1670.0,1808.6,1712.3,1632.3,,910300,1.15,,,,,
2026-03-23,4031,片倉コープアグリ,1190.0,1205.2,1099.8,1009.6,,909200,2.95,,,,,
2026-03-23,7719,東京衡機,588.0,685.6,683.4,437.1,,907700,0.46,,,,,
2026-03-23,3673,ブロードリーフ,992.0,966.4,824.5,736.5,,893000,0.97,,,,,
2026-03-23,9507,四国電力,1668.5,1720.5,1697.0,1627.4,,872700,1.14,,,,,
2026-03-23,7859,アルメディオ,221.0,247.2,246.2,203.4,,862300,0.7,,,,,
2026-03-23,2484,出前館,132.0,136.6,135.9,135.8,,850700,1.37,,,,,
2026-03-23,8715,アニコム　ホールディングス,1273.0,1336.2,1265.9,1123.2,,834600,1.66,,,,,
2026-03-23,8508,Ｊトラスト,533.0,548.8,542.9,505.6,,833000,0.91,,,,,
2026-03-23,6521,オキサイド,4700.0,4974.0,3994.2,2672.2,,808200,0.43,,,,,
2026-03-23,4974,タカラバイオ,1147.0,1146.8,1146.7,939.4,,807200,1.12,,,,,
2026-03-23,3647,アスリナ,138.0,149.2,141.3,132.0,,798100,0.33,,,,,
2026-03-23,6787,メイコー,25860.0,25618.0,23657.5,16273.3,,703200,1.27,,,,,
2026-03-23,3803,イメージ情報開発,886.0,748.6,615.1,612.8,,691600,2.03,,,,,
2026-03-23,4097,高圧ガス工業,1157.0,1147.0,1120.8,1117.8,,687800,5.57,,,,,
2026-03-23,2656,ベクターホールディングス,168.0,168.6,150.4,139.2,,679100,0.5,,,,,
2026-03-23,2222,寿スピリッツ,1909.5,1947.0,1930.5,1894.1,,657900,1.17,,,,,
2026-03-23,3113,ＵＮＩＶＡ・Ｏａｋホールディングス,77.0,81.8,73.8,72.2,,613800,0.22,,,,,
2026-03-23,9227,マイクロ波化学,978.0,1039.8,1030.0,1013.0,,606200,1.12,,,,,
2026-03-23,9268,オプティマスグループ,442.0,462.6,441.5,381.9,,602800,1.12,,,,,
2026-03-23,9535,広島ガス,390.0,382.2,382.1,375.6,,596700,3.39,,,,,
2026-03-23,9119,飯野海運,1734.0,1755.8,1681.7,1572.2,,569900,1.23,,,,,
2026-03-23,5381,マイポックス,932.0,1037.2,891.9,689.6,,566900,0.69,,,,,
2026-03-23,7375,リファインバースグループ,1176.0,1070.8,982.4,893.3,,544900,3.68,,,,,
2026-03-23,2928,"RIZAP GROUP, Inc.",228.0,231.2,229.8,213.1,,536100,1.71,,,,,
2026-03-23,9701,東京會舘,4800.0,4674.0,4596.8,4480.4,,527700,28.34,,,,,
2026-03-23,5423,東京製鐵,1563.0,1612.8,1597.3,1562.8,,526700,1.41,,,,,
2026-03-23,7771,日本精密,410.0,429.2,419.8,350.9,,522900,0.35,,,,,
2026-03-24,8918,ランド,10.0,9.6,9.4,9.3,,189649100,0.85,,,,,
2026-03-24,6740,ジャパンディスプレイ,62.0,94.2,61.9,35.2,,146736200,0.5,,,,,
2026-03-24,4594,ブライトパス・バイオ,81.0,73.2,68.4,63.5,,17412300,2.46,,,,,
2026-03-24,6522,アスタリスク,1000.0,778.4,500.6,427.0,,15131900,8.59,,,,,
2026-03-24,1605,ＩＮＰＥＸ,4519.0,4576.8,4164.2,3620.2,,14245400,0.96,,,,,
2026-03-24,4888,ステラファーマ,855.0,641.0,500.2,355.7,,14221100,3.52,,,,,
2026-03-24,6613,ＱＤレーザ,1393.0,1482.0,1041.0,663.0,,10931600,0.7,,,,,
2026-03-24,8058,三菱商事,5426.0,5420.8,5222.4,4529.5,,10786800,0.83,,,,,
2026-03-24,8031,三井物産,6147.0,6227.0,5927.2,5354.4,,9045600,0.93,,,,,
2026-03-24,3656,ＫＬａｂ,330.0,364.4,363.1,349.1,,8472000,0.78,,,,,
2026-03-24,4063,信越化学工業,6060.0,6331.8,6208.6,5599.9,,8234900,0.74,,,,,
2026-03-24,9107,川崎汽船,2582.5,2725.8,2616.2,2374.3,,7310400,0.71,,,,,
2026-03-24,6752,パナソニック　ホールディングス,2555.5,2583.2,2535.2,2329.8,,7120100,0.75,,,,,
2026-03-24,6378,木村化工機,1729.0,1612.8,1478.5,1354.0,,7076300,2.25,,,,,
2026-03-24,4564,オンコセラピー・サイエンス,21.0,22.2,21.5,21.2,,6841600,0.1,,,,,
2026-03-24,9104,商船三井,6410.0,6611.6,6101.6,5292.5,,5787300,0.74,,,,,
2026-03-24,6356,日本ギア工業,1522.0,1668.4,1594.7,1146.3,,5784000,0.54,,,,,
2026-03-24,5074,テスホールディングス,578.0,629.2,614.8,469.2,,4855900,0.9,,,,,
2026-03-24,2914,日本たばこ産業,5820.0,5840.6,5824.0,5803.0,,4582700,1.08,,,,,
2026-03-24,9101,日本郵船,5680.0,5931.8,5619.2,5279.2,,4213000,0.72,,,,,
2026-03-24,1662,石油資源開発,2520.0,2592.6,2476.8,2090.7,,3993700,0.78,,,,,
2026-03-24,5019,出光興産,1460.0,1472.2,1445.9,1342.5,,3748100,0.91,,,,,
2026-03-24,1699,ＮＥＸＴ　ＦＵＮＤＳ　ＮＯＭＵＲＡ　原油インデックス連動型上場投信,586.0,608.2,534.3,447.2,,3629820,0.65,,,,,
2026-03-24,6963,ローム,3170.0,3223.6,3092.4,2690.9,,3442200,0.42,,,,,
2026-03-24,4502,武田薬品工業,5663.0,5739.6,5723.9,5380.6,,3192300,0.68,,,,,
2026-03-24,8088,岩谷産業,2089.5,2028.0,1912.3,1844.2,,2979200,1.36,,,,,
2026-03-24,5985,サンコール,1503.0,1826.2,1653.2,1225.0,,2958600,0.44,,,,,
2026-03-24,9115,明海グループ,1391.0,1243.6,911.8,769.4,,2913600,1.92,,,,,
2026-03-24,9502,中部電力,2532.0,2569.1,2537.0,2413.9,,2601900,0.94,,,,,
2026-03-24,4881,ファンペップ,88.0,102.4,100.7,91.6,,2205400,0.4,,,,,
2026-03-24,6232,ＡＣＳＬ,1447.0,1535.0,1500.6,1225.1,,1902600,1.18,,,,,
2026-03-24,7832,バンダイナムコホールディングス,4110.0,4174.8,4163.5,4133.9,,1856500,0.78,,,,,
2026-03-24,6619,ダブル・スコープ,193.0,193.4,178.2,168.8,,1806300,0.67,,,,,
2026-03-24,2038,ＮＥＸＴ　ＮＯＴＥＳ　ドバイ原油先物　ダブル・ブル　ＥＴＮ,2725.0,2876.2,2343.4,1785.0,,1797812,1.07,,,,,
2026-03-24,4385,メルカリ,3538.0,3499.4,3485.1,3332.4,,1765800,1.31,,,,,
2026-03-24,9535,広島ガス,405.0,387.6,383.1,376.2,,1737200,7.94,,,,,
2026-03-24,4591,リボミック,93.0,94.8,93.5,86.5,,1711900,0.27,,,,,
2026-03-24,1671,ＷＴＩ原油価格連動型上場投信,4843.0,5062.4,4376.8,3553.2,,1711260,0.67,,,,,
2026-03-24,9143,ＳＧホールディングス,1522.0,1534.1,1505.3,1494.9,,1579900,0.68,,,,,
2026-03-24,5631,日本製鋼所,9257.0,9736.2,9730.5,9146.8,,1573400,1.23,,,,,
2026-03-24,8359,八十二長野銀行,2030.5,1984.6,1960.4,1923.9,,1560900,1.06,,,,,
2026-03-24,3635,コーエーテクモホールディングス,1742.0,1794.1,1792.3,1778.1,,1536900,0.44,,,,,
2026-03-24,4265,Ｉｎｓｔｉｔｕｔｉｏｎ　ｆｏｒ　ａ　Ｇｌｏｂａｌ　Ｓｏｃｉｅｔｙ,378.0,419.8,324.9,310.4,,1400500,1.24,,,,,
2026-03-24,8628,松井証券,974.0,963.2,950.4,915.0,,1324000,0.98,,,,,
2026-03-24,5844,京都フィナンシャルグループ,4289.0,4337.6,4048.8,3787.2,,1250900,0.66,,,,,
2026-03-24,2267,ヤクルト本社,2595.5,2598.1,2597.6,2559.4,,1244500,0.95,,,,,
2026-03-24,4422,ＶＡＬＵＥＮＥＸ,522.0,477.8,373.6,351.6,,1202800,3.04,,,,,
2026-03-24,9513,電源開発,3857.0,3955.2,3808.9,3492.2,,1182500,0.67,,,,,
2026-03-24,3563,ＦＯＯＤ　＆　ＬＩＦＥ　ＣＯＭＰＡＮＩＥＳ,9851.0,9595.6,9580.5,8944.6,,1157800,0.9,,,,,
2026-03-24,2337,いちご,460.0,477.0,464.2,442.3,,1039700,0.61,,,,,
2026-03-24,9130,共栄タンカー,2070.0,2304.8,1818.2,1359.1,,1023800,0.31,,,,,
2026-03-24,3113,ＵＮＩＶＡ・Ｏａｋホールディングス,81.0,80.4,74.2,72.5,,1015300,0.35,,,,,
2026-03-24,4578,大塚ホールディングス,10610.0,10795.0,10535.0,9778.3,,982900,0.64,,,,,
2026-03-24,4091,日本酸素ホールディングス,5840.0,6029.8,5864.6,5285.8,,936000,0.99,,,,,
2026-03-24,6838,多摩川ホールディングス,1282.0,1432.8,1106.9,872.8,,933200,1.2,,,,,
2026-03-24,9519,レノバ,748.0,781.4,736.4,712.4,,910700,0.57,,,,,
2026-03-24,2120,ＬＩＦＵＬＬ,205.0,207.6,207.3,192.1,,899600,0.79,,,,,
2026-03-24,2269,明治ホールディングス,3932.0,3967.0,3934.3,3746.5,,872600,0.6,,,,,
2026-03-24,9505,北陸電力,1054.0,1076.4,1062.2,1023.0,,769300,0.73,,,,,
2026-03-24,6521,オキサイド,4945.0,4955.0,4093.2,2730.9,,768500,0.41,,,,,
2026-03-24,5162,朝日ラバー,883.0,875.4,804.1,730.2,,765800,6.67,,,,,
2026-03-24,7746,岡本硝子,992.0,1057.2,1036.2,946.7,,763100,0.41,,,,,
2026-03-24,2656,ベクターホールディングス,166.0,173.0,151.3,139.8,,735400,0.52,,,,,
2026-03-24,4974,タカラバイオ,1147.0,1147.0,1146.6,945.5,,713000,1.0,,,,,
2026-03-24,3673,ブロードリーフ,1010.0,985.8,841.0,741.1,,675900,0.76,,,,,
2026-03-24,9517,イーレックス,879.0,911.0,805.0,692.9,,629400,0.83,,,,,
2026-03-24,8876,リログループ,1911.5,1936.8,1917.7,1822.4,,618100,0.92,,,,,
2026-03-24,5381,マイポックス,917.0,998.8,894.4,697.7,,614900,0.71,,,,,
2026-03-24,3803,イメージ情報開発,736.0,766.2,619.1,616.4,,608700,1.49,,,,,
2026-03-24,4996,クミアイ化学工業,749.0,771.2,739.0,714.8,,599800,0.43,,,,,
2026-03-24,8381,山陰合同銀行,1668.0,1665.0,1658.2,1624.0,,587300,0.72,,,,,
2026-03-24,7771,日本精密,426.0,427.8,422.6,356.6,,577400,0.38,,,,,
2026-03-24,1407,ウエストホールディングス,1723.0,1767.8,1713.8,1637.8,,566000,0.66,,,,,
2026-03-24,6085,アーキテクツ・スタジオ・ジャパン,2379.0,3008.8,2665.3,1276.7,,562300,0.85,,,,,
2026-03-24,4097,高圧ガス工業,1137.0,1144.4,1122.1,1119.6,,556100,3.04,,,,,
2026-03-24,9507,四国電力,1706.0,1721.4,1694.4,1630.7,,551700,0.69,,,,,
2026-03-24,8708,アイザワ証券グループ,1534.0,1486.4,1479.8,1447.4,,549700,3.84,,,,,
2026-03-24,4530,久光製薬,6035.0,6039.8,6038.9,5961.6,,547900,2.58,,,,,
2026-03-25,8918,ランド,10.0,9.6,9.5,9.3,,176414600,0.79,,,,,
2026-03-25,6740,ジャパンディスプレイ,71.0,81.8,64.2,36.0,,134971000,0.49,,,,,
2026-03-25,4564,オンコセラピー・サイエンス,21.0,21.8,21.6,21.2,,77285000,1.13,,,,,
2026-03-25,4594,ブライトパス・バイオ,96.0,78.6,70.0,64.3,,45794600,5.64,,,,,
2026-03-25,8766,東京海上ホールディングス,7857.0,6534.8,6233.5,6067.1,,33295700,7.11,,,,,
2026-03-25,4888,ステラファーマ,840.0,713.0,522.0,366.2,,13906700,2.6,,,,,
2026-03-25,1605,ＩＮＰＥＸ,4444.0,4564.2,4201.0,3641.0,,12701000,0.99,,,,,
2026-03-25,6613,ＱＤレーザ,1382.0,1468.4,1077.0,680.8,,10809600,0.67,,,,,
2026-03-25,8058,三菱商事,5556.0,5472.6,5243.6,4562.0,,9763900,0.78,,,,,
2026-03-25,6752,パナソニック　ホールディングス,2630.0,2588.7,2543.8,2340.2,,9213600,1.07,,,,,
2026-03-25,3436,ＳＵＭＣＯ,1762.0,1689.7,1675.4,1602.7,,8803300,0.99,,,,,
2026-03-25,6522,アスタリスク,1300.0,943.0,545.4,442.8,,8787700,2.69,,,,,
2026-03-25,4063,信越化学工業,6294.0,6304.0,6226.8,5624.0,,8538900,0.8,,,,,
2026-03-25,3853,アステリア,1519.0,1295.0,1249.5,1196.7,,8149000,22.23,,,,,
2026-03-25,8031,三井物産,6253.0,6236.6,5962.1,5382.6,,7598100,0.79,,,,,
2026-03-25,9107,川崎汽船,2633.5,2689.9,2626.6,2383.0,,7160100,0.72,,,,,
2026-03-25,5801,古河電気工業,31240.0,29025.0,28583.2,18996.1,,6757600,0.91,,,,,
2026-03-25,4503,アステラス製薬,2538.5,2442.7,2430.5,2326.8,,5882800,0.98,,,,,
2026-03-25,6963,ローム,3337.0,3223.0,3122.4,2710.6,,5773600,0.97,,,,,
2026-03-25,9104,商船三井,6532.0,6662.8,6153.0,5326.5,,4874700,0.62,,,,,
2026-03-25,4502,武田薬品工業,5820.0,5739.6,5724.0,5399.5,,4521900,1.0,,,,,
2026-03-25,5019,出光興産,1488.5,1474.3,1450.0,1347.8,,4293500,1.08,,,,,
2026-03-25,2914,日本たばこ産業,5950.0,5855.0,5822.5,5806.4,,4224000,1.01,,,,,
2026-03-25,9101,日本郵船,5729.0,5889.0,5643.0,5293.3,,4216900,0.76,,,,,
2026-03-25,1699,ＮＥＸＴ　ＦＵＮＤＳ　ＮＯＭＵＲＡ　原油インデックス連動型上場投信,578.8,602.1,541.2,450.5,,3783780,0.64,,,,,
2026-03-25,9502,中部電力,2617.0,2584.7,2537.9,2418.3,,3656400,1.39,,,,,
2026-03-25,1662,石油資源開発,2456.0,2553.0,2483.6,2106.2,,3183200,0.72,,,,,
2026-03-25,6356,日本ギア工業,1584.0,1659.6,1616.0,1158.4,,3071000,0.31,,,,,
2026-03-25,6378,木村化工機,1861.0,1699.0,1501.0,1364.7,,2968200,0.8,,,,,
2026-03-25,4422,ＶＡＬＵＥＮＥＸ,571.0,505.0,386.1,358.3,,2768800,5.4,,,,,
2026-03-25,6619,ダブル・スコープ,206.0,195.0,179.9,169.6,,2242500,0.83,,,,,
2026-03-25,8088,岩谷産業,2034.5,2041.9,1916.9,1850.6,,2206800,0.94,,,,,
2026-03-25,9115,明海グループ,1572.0,1364.6,952.9,785.3,,2133100,1.28,,,,,
2026-03-25,3840,パス,71.0,68.0,67.0,60.9,,1967300,0.26,,,,,
2026-03-25,9412,スカパーＪＳＡＴホールディングス,3095.0,2875.0,2868.6,2518.3,,1907900,1.08,,,,,
2026-03-25,4265,Ｉｎｓｔｉｔｕｔｉｏｎ　ｆｏｒ　ａ　Ｇｌｏｂａｌ　Ｓｏｃｉｅｔｙ,408.0,417.4,332.1,312.0,,1896200,1.5,,,,,
2026-03-25,9143,ＳＧホールディングス,1545.0,1538.9,1504.9,1496.1,,1735400,0.78,,,,,
2026-03-25,1671,ＷＴＩ原油価格連動型上場投信,4766.0,4987.8,4441.6,3583.3,,1732861,0.64,,,,,
2026-03-25,8628,松井証券,1006.0,975.8,954.4,918.0,,1678800,1.21,,,,,
2026-03-25,4591,リボミック,98.0,95.2,94.2,87.0,,1598300,0.26,,,,,
2026-03-25,5985,サンコール,1611.0,1760.2,1674.2,1236.8,,1594600,0.24,,,,,
2026-03-25,9535,広島ガス,416.0,395.0,384.8,377.0,,1385100,3.8,,,,,
2026-03-25,4385,メルカリ,3585.0,3516.4,3494.3,3342.4,,1339000,1.03,,,,,
2026-03-25,4578,大塚ホールディングス,10970.0,10779.0,10562.2,9809.8,,1284100,0.87,,,,,
2026-03-25,2038,ＮＥＸＴ　ＮＯＴＥＳ　ドバイ原油先物　ダブル・ブル　ＥＴＮ,2597.0,2830.4,2384.3,1805.0,,1209436,0.67,,,,,
2026-03-25,6770,アルプスアルパイン,2203.5,2187.5,2166.7,2092.6,,1154600,0.73,,,,,
2026-03-25,7747,朝日インテック,3349.0,3237.6,3221.3,2954.7,,1152300,1.11,,,,,
2026-03-25,2337,いちご,473.0,472.6,466.6,443.2,,1133700,0.75,,,,,
2026-03-25,6521,オキサイド,4565.0,4898.0,4165.8,2783.7,,1099400,0.65,,,,,
2026-03-25,8359,八十二長野銀行,2086.0,2010.9,1967.3,1930.5,,1079200,0.75,,,,,
2026-03-25,5844,京都フィナンシャルグループ,4403.0,4356.4,4090.8,3803.1,,1073400,0.59,,,,,
2026-03-25,9519,レノバ,796.0,778.2,739.7,714.8,,1056400,0.67,,,,,
2026-03-25,7731,ニコン,1958.0,1950.1,1947.8,1897.8,,1022100,0.81,,,,,
2026-03-25,9505,北陸電力,1066.0,1075.9,1061.3,1024.6,,993600,1.0,,,,,
2026-03-25,3563,ＦＯＯＤ　＆　ＬＩＦＥ　ＣＯＭＰＡＮＩＥＳ,10050.0,9711.4,9610.5,8984.9,,971600,0.88,,,,,
2026-03-25,6085,アーキテクツ・スタジオ・ジャパン,2854.0,2779.6,2732.2,1319.1,,970800,1.48,,,,,
2026-03-25,9513,電源開発,3900.0,3949.6,3821.3,3505.8,,923000,0.56,,,,,
2026-03-25,2269,明治ホールディングス,3950.0,3946.2,3936.6,3755.8,,886300,0.64,,,,,
2026-03-25,2267,ヤクルト本社,2600.0,2598.1,2597.3,2562.3,,882700,0.73,,,,,
2026-03-25,8141,新光商事,1231.0,1123.0,1092.7,1077.3,,879500,12.03,,,,,
2026-03-25,7922,三光産業,750.0,859.4,780.9,614.1,,861200,6.81,,,,,
2026-03-25,8381,山陰合同銀行,1726.0,1675.8,1658.0,1628.0,,785900,0.99,,,,,
2026-03-25,7412,アトム,621.0,637.0,629.8,602.5,,759900,2.16,,,,,
2026-03-25,8876,リログループ,1961.5,1938.1,1922.8,1826.4,,751800,1.1,,,,,
2026-03-25,3673,ブロードリーフ,1039.0,1005.6,860.1,746.4,,747400,0.91,,,,,
2026-03-25,3480,ジェイ・エス・ビー,4600.0,3742.0,3522.8,3423.1,,744700,19.37,,,,,
2026-03-25,7746,岡本硝子,1007.0,1041.6,1040.5,958.8,,720700,0.39,,,,,
2026-03-25,4091,日本酸素ホールディングス,5955.0,5979.8,5871.8,5307.0,,696300,0.75,,,,,
2026-03-25,8708,アイザワ証券グループ,1512.0,1495.2,1480.8,1449.6,,682700,3.88,,,,,
2026-03-25,4996,クミアイ化学工業,772.0,766.4,741.5,716.1,,671300,0.5,,,,,
2026-03-25,7162,アストマックス,230.0,221.2,218.5,216.9,,658000,10.51,,,,,
2026-03-25,8508,Ｊトラスト,566.0,551.2,546.8,508.7,,628400,0.83,,,,,
2026-03-25,2656,ベクターホールディングス,170.0,168.2,152.5,140.4,,625800,0.42,,,,,
2026-03-25,6787,メイコー,28470.0,26346.0,24209.0,16810.5,,610800,1.22,,,,,
2026-03-25,9044,南海電気鉄道,3078.0,3032.8,3025.3,3005.5,,603900,1.5,,,,,
2026-03-25,7771,日本精密,442.0,433.8,425.4,362.5,,603400,0.42,,,,,
2026-03-25,9507,四国電力,1743.0,1724.6,1693.4,1634.4,,587200,0.76,,,,,
2026-03-25,7616,コロワイド,1912.0,1918.0,1882.3,1821.7,,575600,1.5,,,,,
2026-03-25,9517,イーレックス,947.0,928.4,817.8,698.6,,560600,0.74,,,,,
2026-03-25,6838,多摩川ホールディングス,1380.0,1435.0,1126.7,884.5,,553500,0.65,,,,,
2026-03-25,6666,リバーエレテック,748.0,706.4,699.5,545.2,,546200,0.53,,,,,
2026-03-25,8715,アニコム　ホールディングス,1395.0,1340.6,1282.8,1136.2,,535300,1.02,,,,,
